{
  "eigenvalues": [
    0.14598968625068665,
    0.08399230241775513,
    0.07279583811759949,
    0.017126739025115967,
    0.008227844722568989,
    0.0055929506197571754,
    0.004285804461687803,
    0.004128423519432545,
    0.003758378094062209,
    0.0038135007489472628
  ],
  "trace_estimate": 0.2964829370379448
}