{
  "eigenvalues": [
    0.01697942242026329,
    0.010754076763987541,
    0.0050231702625751495,
    0.0035485224798321724,
    0.0015315444907173514,
    -0.0004885845119133592,
    -0.0010253933724015951,
    -0.001186391687951982,
    -0.001219419064000249,
    -0.0010876038577407598
  ],
  "trace_estimate": 0.05564225856214762
}