{
  "train_barrier": 0.003841760626528412,
  "test_barrier": 0.0037644229596480727,
  "train_min": 1.0293753121004556e-06,
  "train_max": 0.004354854114353657,
  "train_mean": 0.0014599571004509926,
  "test_min": 7.605040991620626e-06,
  "test_max": 0.00465245358645916,
  "test_mean": 0.0016863355413079262
}