{
  "eigenvalues": [
    3.8861961364746094,
    2.6355106830596924,
    2.0101447105407715,
    0.25404757261276245,
    0.24166297912597656,
    0.18877631425857544,
    0.16307318210601807,
    0.14892038702964783,
    0.13319642841815948,
    0.10976522415876389
  ],
  "trace_estimate": 12.257268047332763
}