{
  "weight_l2_distance_from_init": 8.87519645690918,
  "final_train_loss": 0.002860335137029324
}