{
  "num_points": 50,
  "train_min": 0.7934481501579285,
  "train_max": 4.751049518585205,
  "train_mean": 2.627545118331909,
  "test_min": 0.8040741682052612,
  "test_max": 4.519611835479736,
  "test_mean": 2.5459232330322266
}