{
  "train_barrier": 0.2647496461868286,
  "test_barrier": 0.2663785517215729,
  "train_min": 0.00021809079044032842,
  "train_max": 0.4035031497478485,
  "train_mean": 0.17761601507663727,
  "test_min": 0.00028838057187385857,
  "test_max": 0.4040006399154663,
  "test_mean": 0.17743128538131714
}