{
  "weight_l2_distance_from_init": 10.922986030578613,
  "final_train_loss": 0.003748875655219308
}