{
  "train_barrier": 1.221790835261345,
  "test_barrier": 1.1920247338712215,
  "train_min": 0.0036304134409874678,
  "train_max": 1.245770812034607,
  "train_mean": 0.23865164816379547,
  "test_min": 0.0013912965077906847,
  "test_max": 1.2150788307189941,
  "test_mean": 0.2258642315864563
}