{
  "train_barrier": 0.2015879237151239,
  "test_barrier": 0.1930063332838472,
  "train_min": 1.1059445581551586e-09,
  "train_max": 0.20185238122940063,
  "train_mean": 0.03970494493842125,
  "test_min": 8.69428902205982e-07,
  "test_max": 0.19346781075000763,
  "test_mean": 0.038553912192583084
}