{
  "weight_l2_distance_from_init": 6.699070930480957,
  "final_train_loss": 1.2323049437545919e-06
}