{
  "train_barrier": 0.08878859877586365,
  "test_barrier": 0.08578610979020596,
  "train_min": 0.0003484908665996045,
  "train_max": 0.1166885569691658,
  "train_mean": 0.051135219633579254,
  "test_min": 0.00043025839840993285,
  "test_max": 0.11485520750284195,
  "test_mean": 0.05054355412721634
}