{
  "train_barrier": 0.32519128918647766,
  "test_barrier": 0.3212455213069916,
  "train_min": 0.004653074312955141,
  "train_max": 0.633514940738678,
  "train_mean": 0.31456100940704346,
  "test_min": 0.0033636202570050955,
  "test_max": 0.627424418926239,
  "test_mean": 0.31116247177124023
}