{
  "num_points": 50,
  "train_min": 0.0038874875754117966,
  "train_max": 1.0476864576339722,
  "train_mean": 0.26745933294296265,
  "test_min": 0.003993164747953415,
  "test_max": 1.0387275218963623,
  "test_mean": 0.26482489705085754
}