{
  "weight_l2_distance_from_init": 2.46140718460083,
  "final_train_loss": 0.002608316601254046
}