{
  "train_barrier": 0.9664789438247681,
  "test_barrier": 0.9623029232025146
}