{
  "num_points": 50,
  "train_min": 0.003904838114976883,
  "train_max": 1.143396258354187,
  "train_mean": 0.12533573806285858,
  "test_min": 0.004432997666299343,
  "test_max": 1.134488821029663,
  "test_mean": 0.14880263805389404
}