{
  "eigenvalues": [
    0.22281301021575928,
    0.04865308105945587,
    0.027892783284187317,
    0.011278037913143635,
    0.005904108285903931,
    0.003342506941407919,
    -0.0033566290512681007,
    -0.0001403344504069537,
    0.0011343538062646985,
    0.0010632231133058667
  ],
  "trace_estimate": 0.34261770322918894
}