{
  "train_barrier": 0.2872600853443146,
  "test_barrier": 0.28715765476226807,
  "train_min": 0.0134972482919693,
  "train_max": 0.7652626037597656,
  "train_mean": 0.44310593605041504,
  "test_min": 0.013340042904019356,
  "test_max": 0.7766976356506348,
  "test_mean": 0.4533250331878662
}