{
  "weight_l2_distance_from_init": 12.097763061523438,
  "final_train_loss": 6.13974048064847e-05
}