{
  "weight_l2_distance_from_init": 2.1825616359710693,
  "final_train_loss": 0.0001131150920627988
}