{
  "train_barrier": 0.36939743161201477,
  "test_barrier": 0.3697770684957504
}