{
  "num_points": 50,
  "train_min": 0.003227952867746353,
  "train_max": 0.6979665160179138,
  "train_mean": 0.26260101795196533,
  "test_min": 0.0034059928730130196,
  "test_max": 0.7023472785949707,
  "test_mean": 0.26294249296188354
}