{
  "num_points": 50,
  "train_min": 0.3992588520050049,
  "train_max": 1.767194151878357,
  "train_mean": 1.0918976068496704,
  "test_min": 0.43250298500061035,
  "test_max": 1.9088584184646606,
  "test_mean": 1.1764206886291504
}