{
  "train_barrier": 0.055377304553985596,
  "test_barrier": 0.05410110205411911,
  "train_min": 0.0011353831505402923,
  "train_max": 0.08764021843671799,
  "train_mean": 0.04326525703072548,
  "test_min": 0.0012602563947439194,
  "test_max": 0.08566456288099289,
  "test_mean": 0.04234810173511505
}