{
  "weight_l2_distance_from_init": 6.529620170593262,
  "final_train_loss": 0.001606628080480732
}