{
  "eigenvalues": [
    0.2781248688697815,
    0.11878262460231781,
    0.05195118486881256,
    0.027697261422872543,
    0.003409099532291293,
    0.002366728149354458,
    0.00022581813391298056,
    0.00024776184000074863,
    0.00016566208796575665,
    2.068798858090304e-05
  ],
  "trace_estimate": 0.41044935286045076
}