{
  "eigenvalues": [
    0.14694547653198242,
    0.048298757523298264,
    0.03218546509742737,
    0.012872842140495777,
    0.007712194696068764,
    0.0050281318835914135,
    0.0040254611521959305,
    0.0032914048060774803,
    0.0032021489460021257,
    0.0027709663845598698
  ],
  "trace_estimate": 0.6496806204319
}