{
  "weight_l2_distance_from_init": 3.7916371822357178,
  "final_train_loss": 0.024877662071958184
}