{
  "weight_l2_distance_from_init": 6.6527299880981445,
  "final_train_loss": 4.772236364275484e-07
}