{
  "train_barrier": 0.0,
  "test_barrier": 0.0,
  "train_min": 0.6877784729003906,
  "train_max": 0.7056240439414978,
  "train_mean": 0.6923539638519287,
  "test_min": 0.6889638304710388,
  "test_max": 0.6974896788597107,
  "test_mean": 0.6916805505752563
}