{
  "eigenvalues": [
    0.08884894102811813,
    0.049671053886413574,
    0.040545351803302765,
    0.010037044063210487,
    0.003664318472146988,
    0.00244629243388772,
    0.0005224852939136326,
    0.00045244547072798014,
    0.0004466706595849246,
    0.0003646325203590095
  ],
  "trace_estimate": 0.20987360998988153
}