{
  "num_points": 50,
  "train_min": 0.6214179992675781,
  "train_max": 8882.712890625,
  "train_mean": 2125.68115234375,
  "test_min": 0.6231698393821716,
  "test_max": 8796.3798828125,
  "test_mean": 2111.42578125
}