{
  "train_barrier": 0.002589702606201172,
  "test_barrier": 0.007182121276855469,
  "train_min": 3.504615278870915e-06,
  "train_max": 1.3004406690597534,
  "train_mean": 0.7966533899307251,
  "test_min": 1.1427759091020562e-05,
  "test_max": 1.2445943355560303,
  "test_mean": 0.7598937153816223
}