{
  "train_barrier": 0.04750561714172363,
  "test_barrier": 0.06488227844238281,
  "train_min": 3.7735408113803715e-06,
  "train_max": 2.0974738597869873,
  "train_mean": 1.191383719444275,
  "test_min": 1.647638600843493e-05,
  "test_max": 2.0907979011535645,
  "test_mean": 1.1843761205673218
}