{
  "train_barrier": 1.3500055074691772,
  "test_barrier": 1.3773269653320312
}