{
  "eigenvalues": [
    0.0007013954455032945,
    0.00041582813719287515,
    1.2342279660515487e-05,
    9.856425094767474e-06,
    8.415831871388946e-06,
    6.890756594657432e-06,
    5.249281457508914e-06,
    5.739040716434829e-06,
    4.13157658840646e-06,
    4.0636018638906535e-06
  ],
  "trace_estimate": 0.0014191245289111975
}