{
  "num_points": 50,
  "train_min": 0.39870357513427734,
  "train_max": 2.2002174854278564,
  "train_mean": 1.1988747119903564,
  "test_min": 0.4313121438026428,
  "test_max": 2.6038360595703125,
  "test_mean": 1.3979830741882324
}