{
  "eigenvalues": [
    0.026413584128022194,
    0.009504873305559158,
    0.001326587051153183,
    0.0005587776540778577,
    0.00019432557746767998,
    6.385093911376316e-07,
    3.4913438867079094e-05,
    -2.0694864360848442e-05,
    1.4206022569851484e-05,
    -1.1253672710154206e-05
  ],
  "trace_estimate": 0.04721357240341604
}