{
  "eigenvalues": [
    0.022212199866771698,
    0.00997035950422287,
    0.0056869713589549065,
    0.0019147821003571153,
    0.0014188670320436358,
    0.0010226295562461019,
    0.0004397046868689358,
    0.00037235370837152004,
    0.00023185540339909494,
    0.00019153371977154166
  ],
  "trace_estimate": 0.03584871422499418
}