{
  "num_points": 50,
  "train_min": 0.24126280844211578,
  "train_max": 0.7200895547866821,
  "train_mean": 0.4824841320514679,
  "test_min": 0.22709380090236664,
  "test_max": 0.7173800468444824,
  "test_mean": 0.4695151448249817
}