{
  "train_barrier": 0.004671752452850342,
  "test_barrier": 0.003084421157836914
}