{
  "weight_l2_distance_from_init": 1.443719744682312,
  "final_train_loss": 0.004266054404070019
}