{
  "eigenvalues": [
    0.268824964761734,
    0.015771178528666496,
    0.00801244005560875,
    0.005240564700216055,
    -0.003240938065573573,
    0.002847439143806696,
    0.0026147961616516113,
    0.0014614578103646636,
    0.0016141606029123068,
    -0.0013944462407380342
  ],
  "trace_estimate": 0.25291249752044676
}