{
  "eigenvalues": [
    0.0001617458474356681,
    0.0001556960924062878,
    1.272781355510233e-05,
    -8.465966857329477e-06,
    -8.68044935486978e-06,
    -6.83185407979181e-06,
    6.573954124178272e-06,
    4.949307594870334e-07,
    6.667210072919261e-06,
    2.4142032089002896e-06
  ],
  "trace_estimate": 0.00037163323431741444
}