{
  "train_barrier": 0.2887639459222555,
  "test_barrier": 0.29479701071977615,
  "train_min": 0.002990544307976961,
  "train_max": 0.31990253925323486,
  "train_mean": 0.10279317200183868,
  "test_min": 0.0024183650966733694,
  "test_max": 0.3275814354419708,
  "test_mean": 0.10637320578098297
}