{
  "eigenvalues": [
    1.7242785692214966,
    1.335545301437378,
    1.2265328168869019,
    0.4550773501396179,
    0.1343298703432083,
    0.11191147565841675,
    0.07810382544994354,
    0.06822541356086731,
    0.05176204815506935,
    0.044865138828754425
  ],
  "trace_estimate": 9.853227281570435
}