{
  "train_barrier": 0.21820390224456787,
  "test_barrier": 0.21224230527877808,
  "train_min": 0.001276229741051793,
  "train_max": 0.769875168800354,
  "train_mean": 0.4927308261394501,
  "test_min": 0.00149846903514117,
  "test_max": 0.7622255682945251,
  "test_mean": 0.4886110723018646
}