{
  "num_points": 50,
  "train_min": 0.01354147493839264,
  "train_max": 0.6979665160179138,
  "train_mean": 0.264160692691803,
  "test_min": 0.012800048105418682,
  "test_max": 0.7023472785949707,
  "test_mean": 0.2599155306816101
}