{
  "eigenvalues": [
    4.137477874755859,
    1.8706721067428589,
    0.45053404569625854,
    0.39277103543281555,
    0.15150216221809387,
    0.1070963591337204,
    0.05812787264585495,
    0.04454723000526428,
    0.04225698113441467,
    0.04190228879451752
  ],
  "trace_estimate": 18.440777635574342
}