{
  "eigenvalues": [
    9.279523510485888e-05,
    5.7184352044714615e-05,
    6.53554070595419e-06,
    5.63750518267625e-06,
    4.910016286885366e-06,
    -4.234486823406769e-06,
    -4.085676664544735e-06,
    -3.2904340514505748e-06,
    2.753714625214343e-06,
    -2.4157661755452864e-06
  ],
  "trace_estimate": 0.00018920273796538823
}