{
  "num_points": 50,
  "train_min": 0.004790457896888256,
  "train_max": 2.1155524253845215,
  "train_mean": 0.4428403377532959,
  "test_min": 0.0,
  "test_max": 1.1869337558746338,
  "test_mean": 0.06694198399782181
}