{
  "train_barrier": 0.007788005081238225,
  "test_barrier": 0.01694652426522225,
  "train_min": 4.045396195806461e-08,
  "train_max": 0.008041823282837868,
  "train_mean": 0.0023165959864854813,
  "test_min": 8.436310849901929e-07,
  "test_max": 0.017511669546365738,
  "test_mean": 0.005940600764006376
}