{
  "num_points": 50,
  "train_min": 0.00010248872422380373,
  "train_max": 0.7659784555435181,
  "train_mean": 0.040636759251356125,
  "test_min": 0.0006623479421250522,
  "test_max": 0.760131299495697,
  "test_mean": 0.05567871034145355
}