{
  "eigenvalues": [
    1.9889883995056152,
    1.7825191020965576,
    1.5046286582946777,
    0.36468705534935,
    0.27342548966407776,
    0.028902120888233185,
    0.011129501275718212,
    0.011097066104412079,
    -0.005252495873719454,
    -0.005151138640940189
  ],
  "trace_estimate": 6.868462371826172
}