{
  "eigenvalues": [
    0.4963798522949219,
    0.09829673171043396,
    0.0815858393907547,
    0.05374617874622345,
    0.03132742643356323,
    0.027205690741539,
    0.01832771487534046,
    0.014690710231661797,
    0.009857040829956532,
    0.00855531170964241
  ],
  "trace_estimate": 0.7240344315767289
}