{
  "num_points": 50,
  "train_min": 0.0,
  "train_max": 0.7817192673683167,
  "train_mean": 0.016322381794452667,
  "test_min": 0.0,
  "test_max": 0.7502511143684387,
  "test_mean": 0.015721702948212624
}