{
  "train_barrier": 0.000538361506187357,
  "test_barrier": 6.753444358764682e-05,
  "train_min": 0.0,
  "train_max": 0.0005690516554750502,
  "train_mean": 8.173106471076608e-05,
  "test_min": 0.0,
  "test_max": 6.924755871295929e-05,
  "test_mean": 1.7452864994993433e-05
}