{
  "train_barrier": 0.0,
  "test_barrier": 0.0,
  "train_min": 0.0036455956287682056,
  "train_max": 0.006216815672814846,
  "train_mean": 0.004154064692556858,
  "test_min": 0.0026483507826924324,
  "test_max": 0.011822315864264965,
  "test_mean": 0.005304380320012569
}