{
  "eigenvalues": [
    0.9986602663993835,
    0.681903600692749,
    0.4192042350769043,
    0.1321917176246643,
    0.07644738256931305,
    0.0335426926612854,
    -0.014134443365037441,
    0.014377443119883537,
    0.014174326322972775,
    0.009387624450027943
  ],
  "trace_estimate": 2.195267862081528
}