{
  "num_points": 50,
  "train_min": 1.4941678047180176,
  "train_max": 2.8666813373565674,
  "train_mean": 2.2457196712493896,
  "test_min": 1.463101863861084,
  "test_max": 3.041084051132202,
  "test_mean": 2.3313939571380615
}