{
  "weight_l2_distance_from_init": 23.75885772705078,
  "final_train_loss": 0.002518169883842347
}