{
  "num_points": 50,
  "train_min": 1.7857332750281785e-06,
  "train_max": 0.7659784555435181,
  "train_mean": 0.02371574006974697,
  "test_min": 9.591769776307046e-05,
  "test_max": 0.760131299495697,
  "test_mean": 0.02853837050497532
}