{
  "train_barrier": 0.3375674206763506,
  "test_barrier": 0.33664825931191444,
  "train_min": 0.0017708997474983335,
  "train_max": 0.3684600293636322,
  "train_mean": 0.12107022106647491,
  "test_min": 0.001438545878045261,
  "test_max": 0.36771059036254883,
  "test_mean": 0.12058040499687195
}