{
  "weight_l2_distance_from_init": 26.609220504760742,
  "final_train_loss": 0.0033346068012178876
}