{
  "num_points": 50,
  "train_min": 0.6491091847419739,
  "train_max": 58.18449401855469,
  "train_mean": 18.298646926879883,
  "test_min": 0.6587534546852112,
  "test_max": 61.10609817504883,
  "test_mean": 19.210268020629883
}