{
  "eigenvalues": [
    0.14307188987731934,
    0.08418481796979904,
    0.0656060129404068,
    0.0418538823723793,
    0.018742844462394714,
    0.014269324019551277,
    0.011100243777036667,
    0.00898400042206049,
    0.006304828450083733,
    0.005330060608685017
  ],
  "trace_estimate": 0.41512527614831923
}