{
  "train_barrier": 0.06325532495975494,
  "test_barrier": 0.0588705837726593
}