{
  "eigenvalues": [
    0.01776103861629963,
    0.015821216627955437,
    0.005923549644649029,
    0.002112915739417076,
    0.0008452588226646185,
    0.00034819234861060977,
    -0.00031919643515720963,
    -0.0002552957448642701,
    0.00021928531350567937,
    0.00017665227642282844
  ],
  "trace_estimate": 0.060755342990159986
}