{
  "num_points": 50,
  "train_min": 0.0754239410161972,
  "train_max": 0.7214492559432983,
  "train_mean": 0.3018290400505066,
  "test_min": 0.09201979637145996,
  "test_max": 0.7150700688362122,
  "test_mean": 0.28874948620796204
}