{
  "num_points": 50,
  "train_min": 0.0,
  "train_max": 0.683376133441925,
  "train_mean": 0.014913908205926418,
  "test_min": 0.0,
  "test_max": 0.6781417727470398,
  "test_mean": 0.014789188280701637
}