{
  "eigenvalues": [
    0.023396357893943787,
    0.0031383121386170387,
    0.0017438309732824564,
    0.0009603090584278107,
    0.0005516166565939784,
    0.0003315419889986515,
    -0.0003322174306958914,
    0.0003495867131277919,
    -0.00010123054380528629,
    0.00033734756289049983
  ],
  "trace_estimate": 0.023914314177818596
}