{
  "eigenvalues": [
    0.0024988544173538685,
    0.0005829519359394908,
    0.00018948264187201858,
    9.3652299256064e-05,
    5.243928171694279e-05,
    2.2172236640471965e-05,
    1.6403042536694556e-05,
    1.2319198503973894e-05,
    4.988358341506682e-06,
    1.0652333003235981e-05
  ],
  "trace_estimate": 0.003317126583715435
}