{
  "train_barrier": 8.393799362238497e-06,
  "test_barrier": 2.1599189494736493e-05,
  "train_min": 6.253857009141939e-06,
  "train_max": 4.257511318428442e-05,
  "train_mean": 2.779168244160246e-05,
  "test_min": 1.4582523363060318e-05,
  "test_max": 0.00012374301149975508,
  "test_mean": 8.070193143794313e-05
}