{
  "eigenvalues": [
    0.1000937968492508,
    0.051700346171855927,
    0.014752085320651531,
    0.002298475708812475,
    0.0035562508273869753,
    -0.0030485924798995256,
    -0.0026938440278172493,
    0.0030304202809929848,
    -0.002425858285278082,
    0.0004792511463165283
  ],
  "trace_estimate": 0.12933493200689555
}