{
  "weight_l2_distance_from_init": 11.40383529663086,
  "final_train_loss": 0.0038632230025541503
}