{
  "weight_l2_distance_from_init": 1.5013014078140259,
  "final_train_loss": 0.005362029898606124
}