{
  "weight_l2_distance_from_init": 3.822439193725586,
  "final_train_loss": 0.03690790350083262
}