{
  "eigenvalues": [
    0.02903040125966072,
    0.011390785686671734,
    0.0063665034249424934,
    0.0017202978488057852,
    0.0009274022886529565,
    0.000255509396083653,
    2.4704955649212934e-05,
    0.00031186401611194015,
    0.0003305189893580973,
    -4.810277096112259e-05
  ],
  "trace_estimate": 0.050183961633592844
}