{
  "eigenvalues": [
    0.6834806799888611,
    0.5036098957061768,
    0.3834502100944519,
    0.14323200285434723,
    0.09577789902687073,
    0.03265837952494621,
    0.028847897425293922,
    0.02288479171693325,
    0.02046273648738861,
    0.018999185413122177
  ],
  "trace_estimate": 2.142540067434311
}