{
  "train_barrier": 4.7599212393834023e-07,
  "test_barrier": 1.7964644030143972e-06,
  "train_min": 8.065456995609566e-07,
  "train_max": 1.6257007473541307e-06,
  "train_mean": 1.2121893178118626e-06,
  "test_min": 3.3501623875054065e-06,
  "test_max": 8.972403520601802e-06,
  "test_mean": 6.245948952710023e-06
}