{
  "weight_l2_distance_from_init": 11.785776138305664,
  "final_train_loss": 0.003178804762001164
}