{
  "eigenvalues": [
    1.388869285583496,
    1.0759609937667847,
    0.9495634436607361,
    0.3900090456008911,
    0.09213045239448547,
    0.08490776270627975,
    0.06579805165529251,
    0.05389426648616791,
    0.0493026003241539,
    0.0355975404381752
  ],
  "trace_estimate": 6.734056973457337
}