{
  "weight_l2_distance_from_init": 3.0928761959075928,
  "final_train_loss": 0.006634702440351248
}