{
  "num_points": 50,
  "train_min": 0.2589377760887146,
  "train_max": 0.7214605212211609,
  "train_mean": 0.3825894296169281,
  "test_min": 0.23758625984191895,
  "test_max": 0.7058590650558472,
  "test_mean": 0.3618434965610504
}