{
  "eigenvalues": [
    0.5463334321975708,
    0.36541837453842163,
    0.08712141215801239,
    0.0396503210067749,
    0.014954343438148499,
    0.009027435444295406,
    0.005583195947110653,
    0.002303106477484107,
    0.002002726774662733,
    0.0015999083407223225
  ],
  "trace_estimate": 1.2934233963489532
}