{
  "train_barrier": 0.0,
  "test_barrier": 0.0,
  "train_min": 0.023743491619825363,
  "train_max": 0.1778184324502945,
  "train_mean": 0.10069146752357483,
  "test_min": 0.022435225546360016,
  "test_max": 0.1634330302476883,
  "test_mean": 0.10245060175657272
}