{
  "train_barrier": 0.34803861379623413,
  "test_barrier": 0.3389451503753662
}