{
  "weight_l2_distance_from_init": 3.897850751876831,
  "final_train_loss": 0.031147114699706435
}