{
  "eigenvalues": [
    9.40365219116211,
    2.7900655269622803,
    1.2229161262512207,
    0.4131450653076172,
    0.2621144652366638,
    0.25033488869667053,
    0.22295185923576355,
    0.23182763159275055,
    0.23290279507637024,
    0.22324246168136597
  ],
  "trace_estimate": 35.34485969543457
}