{
  "weight_l2_distance_from_init": 11.551867485046387,
  "final_train_loss": 0.0023438819844159298
}