{
  "train_barrier": 0.0,
  "test_barrier": 0.0,
  "train_min": 0.0010924196103587747,
  "train_max": 0.1123834177851677,
  "train_mean": 0.00885091908276081,
  "test_min": 0.0011470491299405694,
  "test_max": 0.12572786211967468,
  "test_mean": 0.009959454648196697
}