{
  "train_barrier": 0.0,
  "test_barrier": 0.0,
  "train_min": 0.005759919062256813,
  "train_max": 0.03227453678846359,
  "train_mean": 0.014054697006940842,
  "test_min": 0.005853365175426006,
  "test_max": 0.025742340832948685,
  "test_mean": 0.013162442483007908
}