{
  "eigenvalues": [
    0.11317906528711319,
    0.053419388830661774,
    0.0484306775033474,
    0.010329430922865868,
    0.0038889977149665356,
    0.0015128683298826218,
    -0.0003900883602909744,
    0.0005855337949469686,
    6.349993782350793e-05,
    0.00040568585973232985
  ],
  "trace_estimate": 0.25829344615340233
}