{
  "num_points": 50,
  "train_min": 0.004039131570607424,
  "train_max": 748.7649536132812,
  "train_mean": 141.98765563964844,
  "test_min": 0.00466836616396904,
  "test_max": 663.1746826171875,
  "test_mean": 125.4317398071289
}