{
  "eigenvalues": [
    0.12153495848178864,
    0.07310716807842255,
    0.06521864235401154,
    0.013049038127064705,
    0.004169333726167679,
    0.0038788486272096634,
    0.003252414520829916,
    0.0028700828552246094,
    0.002158744027838111,
    0.0020857229828834534
  ],
  "trace_estimate": 0.30928105115890503
}