{
  "eigenvalues": [
    5.589685916900635,
    3.0350656509399414,
    1.309348702430725,
    -0.19453155994415283,
    -0.17787283658981323,
    -0.16917042434215546,
    -0.16244007647037506,
    -0.13916917145252228,
    0.11145581305027008,
    0.10844691842794418
  ],
  "trace_estimate": 18.292151117324828
}