{
  "train_barrier": 1.8876276044466067e-06,
  "test_barrier": 1.7302568721788703e-05,
  "train_min": 8.102086326289282e-07,
  "train_max": 3.037336227862397e-06,
  "train_mean": 2.2213762349565513e-06,
  "test_min": 2.605329996185901e-07,
  "test_max": 2.4478507839376107e-05,
  "test_mean": 1.0559874681348447e-05
}