{
  "weight_l2_distance_from_init": 9.533180236816406,
  "final_train_loss": 0.00014271959344114293
}