{
  "weight_l2_distance_from_init": 2.536099910736084,
  "final_train_loss": 0.0015923484970699064
}