{
  "eigenvalues": [
    2.1784818172454834,
    1.3130019903182983,
    0.36531177163124084,
    0.17423155903816223,
    0.10679440200328827,
    0.0725041925907135,
    0.04060778021812439,
    0.04356507956981659,
    0.027784444391727448,
    0.03314156085252762
  ],
  "trace_estimate": 3.6541478872299193
}