{
  "eigenvalues": [
    0.897892951965332,
    0.4041775166988373,
    0.28863853216171265,
    0.11645859479904175,
    0.0966031402349472,
    0.034522563219070435,
    0.03089642897248268,
    0.026234200224280357,
    0.01688360795378685,
    0.015286322683095932
  ],
  "trace_estimate": 2.9403999924659727
}