{
  "train_barrier": 0.47035521268844604,
  "test_barrier": 0.43626266717910767,
  "train_min": 0.0024844338186085224,
  "train_max": 0.7742999196052551,
  "train_mean": 0.45057472586631775,
  "test_min": 0.002899060258641839,
  "test_max": 0.7435423135757446,
  "test_mean": 0.43455955386161804
}