{
  "weight_l2_distance_from_init": 1.3856090307235718,
  "final_train_loss": 0.0031109874553294503
}