{
  "eigenvalues": [
    0.07779084146022797,
    0.008171887136995792,
    0.0034784935414791107,
    0.0027641109190881252,
    0.002739361021667719,
    0.002285341965034604,
    0.0018279693322256207,
    0.0016940936911851168,
    0.0016110509168356657,
    -0.0006943460321053863
  ],
  "trace_estimate": 0.15710471458733083
}