{
  "weight_l2_distance_from_init": 1.6649974584579468,
  "final_train_loss": 0.0013539881074393634
}