{
  "train_barrier": 0.13909217715263367,
  "test_barrier": 0.12354487180709839
}