{
  "num_points": 50,
  "train_min": 0.005078329239040613,
  "train_max": 1.1121841669082642,
  "train_mean": 0.19202132523059845,
  "test_min": 0.0020575772505253553,
  "test_max": 1.0734128952026367,
  "test_mean": 0.18419574201107025
}