{
  "train_barrier": 0.14194244146347046,
  "test_barrier": 0.14605391025543213,
  "train_min": 0.06903993338346481,
  "train_max": 0.7324731945991516,
  "train_mean": 0.43655145168304443,
  "test_min": 0.06766613572835922,
  "test_max": 0.7361973524093628,
  "test_mean": 0.43750929832458496
}