{
  "weight_l2_distance_from_init": 3.2738137245178223,
  "final_train_loss": 0.008599909604527056
}