{
  "eigenvalues": [
    2.054354667663574,
    1.3928580284118652,
    1.1644635200500488,
    0.14320720732212067,
    0.14530035853385925,
    0.13998755812644958,
    0.09524369984865189,
    0.06499061733484268,
    0.05204357951879501,
    0.0460238978266716
  ],
  "trace_estimate": 11.067597675323487
}