{
  "weight_l2_distance_from_init": 13.286276817321777,
  "final_train_loss": 0.002145860099631136
}