{
  "num_points": 50,
  "train_min": 0.0007692039362154901,
  "train_max": 0.6421582102775574,
  "train_mean": 0.11862236261367798,
  "test_min": 0.0009679081849753857,
  "test_max": 0.6450842618942261,
  "test_mean": 0.11856972426176071
}