{
  "weight_l2_distance_from_init": 3.030038356781006,
  "final_train_loss": 0.013497248495696113
}