{
  "num_points": 50,
  "train_min": 0.00024657126050442457,
  "train_max": 1.8332973718643188,
  "train_mean": 0.16898496448993683,
  "test_min": 0.001368784112855792,
  "test_max": 1.8023853302001953,
  "test_mean": 0.16610616445541382
}