{
  "weight_l2_distance_from_init": 10.544524192810059,
  "final_train_loss": 5.244426137807068e-07
}