{
  "eigenvalues": [
    0.12681922316551208,
    0.07967118173837662,
    0.06351521611213684,
    0.03514561057090759,
    0.01960383541882038,
    0.013381744734942913,
    0.010955492034554482,
    0.008754783309996128,
    0.006074825301766396,
    0.005306454375386238
  ],
  "trace_estimate": 0.4139941602945328
}