{
  "eigenvalues": [
    4.065733909606934,
    3.446166515350342,
    2.576019287109375,
    0.32357317209243774,
    0.2571384906768799,
    0.19870120286941528,
    0.1890575885772705,
    0.16990002989768982,
    0.15226468443870544,
    0.13487094640731812
  ],
  "trace_estimate": 18.655775547027588
}