{
  "num_points": 50,
  "train_min": 2.302115535712801e-05,
  "train_max": 57.347511291503906,
  "train_mean": 11.9376859664917,
  "test_min": 2.3283062977608182e-10,
  "test_max": 52.893348693847656,
  "test_mean": 9.293699264526367
}