{
  "eigenvalues": [
    0.032759685069322586,
    0.012807520106434822,
    0.009503457695245743,
    0.003764853812754154,
    0.0030071453657001257,
    0.0028839055448770523,
    0.001001632772386074,
    0.000827446230687201,
    0.0007196762599050999,
    0.0007007973035797477
  ],
  "trace_estimate": 0.09384502544999122
}