{
  "eigenvalues": [
    0.0013931537978351116,
    0.0002528260520193726,
    6.218400358193321e-06,
    -1.495962806075113e-06,
    2.4810797185637057e-06,
    -2.9352431738516316e-06,
    1.7850918538897531e-06,
    -1.2383667353788042e-06,
    1.2650082226173254e-06,
    1.0910209766734624e-06
  ],
  "trace_estimate": 0.0013517000908905175
}