{
  "weight_l2_distance_from_init": 2.9033567905426025,
  "final_train_loss": 0.009977182431612164
}