{
  "weight_l2_distance_from_init": 2.9063565731048584,
  "final_train_loss": 0.0066878157667815685
}