{
  "eigenvalues": [
    1.116835355758667,
    0.6123129725456238,
    0.5358197689056396,
    0.11653461307287216,
    0.09114253520965576,
    0.03446674346923828,
    0.010523999109864235,
    -0.005546385422348976,
    0.01038458663970232,
    0.010303827002644539
  ],
  "trace_estimate": 2.9020600587129595
}