{
  "train_barrier": 0.12969008833169937,
  "test_barrier": 0.12136956676840782
}