{
  "num_points": 50,
  "train_min": 0.004250943660736084,
  "train_max": 1.0025606155395508,
  "train_mean": 0.030667396262288094,
  "test_min": 0.00838701706379652,
  "test_max": 1.0117300748825073,
  "test_mean": 0.03394372761249542
}