{
  "eigenvalues": [
    3.514296054840088,
    2.126119613647461,
    0.4978107511997223,
    0.2593892812728882,
    0.1338396519422531,
    0.08569428324699402,
    0.0782410055398941,
    0.06132170557975769,
    0.05780118703842163,
    0.05445817857980728
  ],
  "trace_estimate": 9.977816820144653
}