{
  "eigenvalues": [
    0.03349534049630165,
    0.02328590489923954,
    0.012661842629313469,
    0.0034661192912608385,
    -0.0010339266154915094,
    0.001646016025915742,
    -0.0012013295199722052,
    -0.0002748866390902549,
    -0.0016854347195476294,
    -0.0015637201722711325
  ],
  "trace_estimate": 0.06447067447006702
}