{
  "num_points": 50,
  "train_min": 0.003960624802857637,
  "train_max": 104.54999542236328,
  "train_mean": 18.3315372467041,
  "test_min": 0.003949532750993967,
  "test_max": 100.81904602050781,
  "test_mean": 17.066129684448242
}