{
  "num_points": 50,
  "train_min": 4.6800148993497714e-05,
  "train_max": 1.0058541297912598,
  "train_mean": 0.09387663006782532,
  "test_min": 8.748633263166994e-05,
  "test_max": 0.9920904040336609,
  "test_mean": 0.09016375243663788
}