{
  "train_barrier": 0.15299042146943975,
  "test_barrier": 0.14084777035168372,
  "train_min": 0.0,
  "train_max": 0.15313778817653656,
  "train_mean": 0.029807815328240395,
  "test_min": 9.313223525708736e-10,
  "test_max": 0.14115135371685028,
  "test_mean": 0.02707219123840332
}