{
  "train_barrier": 0.2505047097802162,
  "test_barrier": 0.24920813739299774,
  "train_min": 0.004942742176353931,
  "train_max": 0.3397597670555115,
  "train_mean": 0.14511646330356598,
  "test_min": 0.003119443776085973,
  "test_max": 0.33802226185798645,
  "test_mean": 0.1448555439710617
}