{
  "num_points": 50,
  "train_min": 0.024178149178624153,
  "train_max": 0.9388433694839478,
  "train_mean": 0.160143181681633,
  "test_min": 0.02014983259141445,
  "test_max": 0.9487947821617126,
  "test_mean": 0.1601332426071167
}