{
  "train_barrier": 0.6728953719139099,
  "test_barrier": 0.6695186495780945,
  "train_min": 5.52721360236319e-07,
  "train_max": 0.8052396178245544,
  "train_mean": 0.3608497977256775,
  "test_min": 2.3752420474920655e-06,
  "test_max": 0.7974055409431458,
  "test_mean": 0.3583187162876129
}