{
  "train_barrier": 0.004500166513025761,
  "test_barrier": 0.003968809032812715,
  "train_min": 0.0010924196103587747,
  "train_max": 0.006974247749894857,
  "train_mean": 0.004018125124275684,
  "test_min": 0.0011470491299405694,
  "test_max": 0.006972250062972307,
  "test_mean": 0.004202257376164198
}