{
  "num_points": 50,
  "train_min": 0.0,
  "train_max": 2.1330461502075195,
  "train_mean": 0.0626310408115387,
  "test_min": 0.0,
  "test_max": 2.078322172164917,
  "test_mean": 0.06132499873638153
}