{
  "eigenvalues": [
    0.05198519304394722,
    0.02149425819516182,
    0.009546171873807907,
    0.002985502127557993,
    -0.0019476325251162052,
    -0.0019656415097415447,
    -0.00177899026311934,
    -0.0017043130937963724,
    -0.0018303949618712068,
    -0.0017614318057894707
  ],
  "trace_estimate": 0.08458579890429974
}