{
  "num_points": 50,
  "train_min": 0.426003634929657,
  "train_max": 0.752147912979126,
  "train_mean": 0.5834887623786926,
  "test_min": 0.4097096920013428,
  "test_max": 0.7418001294136047,
  "test_mean": 0.5682365894317627
}