{
  "eigenvalues": [
    1.0492240190505981,
    0.6309827566146851,
    0.4980711340904236,
    0.1697002649307251,
    0.13122490048408508,
    0.032235078513622284,
    0.024795377627015114,
    0.024624362587928772,
    0.021571828052401543,
    0.019296742975711823
  ],
  "trace_estimate": 3.168343222141266
}