{
  "train_barrier": 0.7242201799526811,
  "test_barrier": 0.7018781481310725,
  "train_min": 0.003630413208156824,
  "train_max": 0.7358592748641968,
  "train_mean": 0.13407962024211884,
  "test_min": 0.0013912965077906847,
  "test_max": 0.7131407260894775,
  "test_mean": 0.1282193958759308
}