{
  "train_barrier": 0.0003127844080381692,
  "test_barrier": 0.001733149663778022,
  "train_min": 0.0,
  "train_max": 0.0003143454669043422,
  "train_mean": 9.387403406435624e-05,
  "test_min": 0.0,
  "test_max": 0.002123880200088024,
  "test_mean": 0.0003243068640585989
}