{
  "eigenvalues": [
    0.06489425897598267,
    0.020955383777618408,
    0.010684793815016747,
    0.00626542791724205,
    0.004934894852340221,
    0.0017198004061356187,
    0.0010437513701617718,
    -0.0009440829744562507,
    0.0008889558957889676,
    0.0008489398169331253
  ],
  "trace_estimate": 0.10672318749129772
}