{
  "num_points": 50,
  "train_min": 4.435413757164497e-06,
  "train_max": 0.7179443836212158,
  "train_mean": 0.028431810438632965,
  "test_min": 4.544839157460956e-06,
  "test_max": 0.7153123021125793,
  "test_mean": 0.028286457061767578
}