{
  "eigenvalues": [
    1.2542659044265747,
    0.42232903838157654,
    0.22127316892147064,
    0.14278554916381836,
    0.06013946235179901,
    0.02644646167755127,
    0.02036898583173752,
    0.015491880476474762,
    0.01381695456802845,
    0.012302982620894909
  ],
  "trace_estimate": 2.29087170958519
}