{
  "weight_l2_distance_from_init": 3.750576972961426,
  "final_train_loss": 0.14993449952453375
}