{
  "num_points": 50,
  "train_min": 0.27205991744995117,
  "train_max": 0.6957595348358154,
  "train_mean": 0.4868509769439697,
  "test_min": 0.26040905714035034,
  "test_max": 0.6994041204452515,
  "test_mean": 0.47985613346099854
}