{
  "eigenvalues": [
    0.02737325057387352,
    0.012935823760926723,
    0.004385289736092091,
    0.0013126449193805456,
    0.0009713188046589494,
    9.60270845098421e-05,
    0.0005697371088899672,
    -0.00031255517387762666,
    0.0006566702504642308,
    0.0002489445614628494
  ],
  "trace_estimate": 0.06423117015510797
}