{
  "eigenvalues": [
    0.2677077651023865,
    0.10886329412460327,
    0.06262370944023132,
    0.032574888318777084,
    0.0032748901285231113,
    0.0016970428405329585,
    -0.0002664639032445848,
    -6.76864292472601e-05,
    0.0002223716292064637,
    0.0001112812096835114
  ],
  "trace_estimate": 0.41939611583948133
}