{
  "eigenvalues": [
    0.058844178915023804,
    0.012526996433734894,
    0.00727683212608099,
    0.0024397142697125673,
    0.0014115901431068778,
    -0.0001733628596412018,
    0.0006825091550126672,
    0.00040066218934953213,
    0.00010365500929765403,
    -0.00039510149508714676
  ],
  "trace_estimate": 0.08177640931680799
}