{
  "eigenvalues": [
    0.2950178384780884,
    0.20518329739570618,
    0.061911966651678085,
    0.033186737447977066,
    0.015473179519176483,
    0.007165252696722746,
    0.004965206608176231,
    0.0038432376459240913,
    0.0024031251668930054,
    0.0025635533966124058
  ],
  "trace_estimate": 0.8802846595644951
}