{
  "train_barrier": 0.0,
  "test_barrier": 0.0,
  "train_min": 0.6900360584259033,
  "train_max": 0.7077705264091492,
  "train_mean": 0.6936771273612976,
  "test_min": 0.6907976865768433,
  "test_max": 0.6988624930381775,
  "test_mean": 0.6930478811264038
}