{
  "eigenvalues": [
    4.401185512542725,
    2.4798636436462402,
    0.5302389860153198,
    0.3763836622238159,
    0.14631956815719604,
    0.10248389840126038,
    0.04942568391561508,
    0.04638498276472092,
    0.04166742414236069,
    0.042980946600437164
  ],
  "trace_estimate": 8.417500066757203
}