{
  "train_barrier": 0.0008161852601915598,
  "test_barrier": 0.0008163265883922577,
  "train_min": 0.0005805111140944064,
  "train_max": 0.003846101462841034,
  "train_mean": 0.0025015228893607855,
  "test_min": 0.0005591201479546726,
  "test_max": 0.003955903463065624,
  "test_mean": 0.0025847034994512796
}