{
  "weight_l2_distance_from_init": 3.3080835342407227,
  "final_train_loss": 0.020969513105228543
}