{
  "num_points": 50,
  "train_min": 0.5818151235580444,
  "train_max": 11.764901161193848,
  "train_mean": 5.940232753753662,
  "test_min": 0.5804760456085205,
  "test_max": 13.062471389770508,
  "test_mean": 6.548154354095459
}