{
  "eigenvalues": [
    0.008028331212699413,
    0.0025493339635431767,
    0.0010037897154688835,
    0.0006164906080812216,
    0.0004940915387123823,
    0.0003772082272917032,
    0.00020610381034202874,
    0.0001707655464997515,
    0.00016846059588715434,
    0.0001392985286656767
  ],
  "trace_estimate": 0.02376163462176919
}