{
  "train_barrier": 0.00704863911960274,
  "test_barrier": 0.0071132266748463735,
  "train_min": 3.4826682622224325e-06,
  "train_max": 0.007569005247205496,
  "train_mean": 0.0016754152020439506,
  "test_min": 3.775301593123004e-06,
  "test_max": 0.007354564964771271,
  "test_mean": 0.0015117264119908214
}