{
  "weight_l2_distance_from_init": 2.1303412914276123,
  "final_train_loss": 0.003422349414904602
}