{
  "num_points": 50,
  "train_min": 0.013024960644543171,
  "train_max": 1.1895151138305664,
  "train_mean": 0.2474309206008911,
  "test_min": 0.012395497411489487,
  "test_max": 1.2562105655670166,
  "test_mean": 0.26026490330696106
}