{
  "weight_l2_distance_from_init": 1.1266710758209229,
  "final_train_loss": 0.0003484908675090992
}