{
  "num_points": 50,
  "train_min": 0.6929636001586914,
  "train_max": 1.7239625453948975,
  "train_mean": 1.0804142951965332,
  "test_min": 0.6926354765892029,
  "test_max": 1.847602367401123,
  "test_mean": 1.1390239000320435
}