{
  "eigenvalues": [
    0.7946426868438721,
    0.3855856657028198,
    0.32186159491539,
    0.11869261413812637,
    0.09708763659000397,
    0.03336505591869354,
    0.03210928291082382,
    0.024158190935850143,
    0.014824651181697845,
    0.016296157613396645
  ],
  "trace_estimate": 2.237720859050751
}