{
  "train_barrier": 0.32781145721673965,
  "test_barrier": 0.3321620374917984,
  "train_min": 0.0021458601113408804,
  "train_max": 0.40976792573928833,
  "train_mean": 0.15281006693840027,
  "test_min": 0.0011489138705655932,
  "test_max": 0.4169713854789734,
  "test_mean": 0.15790562331676483
}