{
  "train_barrier": 4.888814873993397e-05,
  "test_barrier": 0.0,
  "train_min": 0.00038759244489483535,
  "train_max": 0.001882295124232769,
  "train_mean": 0.0014731340343132615,
  "test_min": 0.000577536120545119,
  "test_max": 0.0018909816863015294,
  "test_mean": 0.0016043101204559207
}