{
  "eigenvalues": [
    0.3194618225097656,
    0.030434690415859222,
    0.012932226061820984,
    0.010985344648361206,
    -0.0028338111005723476,
    -0.007376427296549082,
    0.007309388369321823,
    0.0059677124954760075,
    0.004646715708076954,
    -0.0062987590208649635
  ],
  "trace_estimate": 0.41595866344869137
}