{
  "num_points": 50,
  "train_min": 0.003295371774584055,
  "train_max": 1.229254961013794,
  "train_mean": 0.06270196288824081,
  "test_min": 0.002576661529019475,
  "test_max": 1.122934341430664,
  "test_mean": 0.06071287766098976
}