{
  "eigenvalues": [
    0.21444523334503174,
    0.20401090383529663,
    0.1084706038236618,
    0.035107407718896866,
    0.02274654619395733,
    0.0069264438934624195,
    -0.0010966246481984854,
    -0.0032952004112303257,
    0.0025375597178936005,
    0.0006857418920844793
  ],
  "trace_estimate": 0.6427197158336639
}