{
  "eigenvalues": [
    0.34748202562332153,
    0.12538565695285797,
    0.0525677427649498,
    0.030311962589621544,
    0.012727408669888973,
    0.005581313744187355,
    0.005020687822252512,
    0.0041919550858438015,
    0.002120622433722019,
    0.0019923977088183165
  ],
  "trace_estimate": 0.9021280527114868
}