{
  "weight_l2_distance_from_init": 7.556682586669922,
  "final_train_loss": 0.0029905442875133303
}