{
  "train_barrier": 0.2605678141117096,
  "test_barrier": 0.2725662589073181,
  "train_min": 0.006897942628711462,
  "train_max": 0.7328517436981201,
  "train_mean": 0.4557042121887207,
  "test_min": 0.007183511275798082,
  "test_max": 0.7360510230064392,
  "test_mean": 0.45281127095222473
}