{
  "eigenvalues": [
    0.04648616164922714,
    0.029368411749601364,
    0.02340380847454071,
    0.0024312157183885574,
    0.0024429343175143003,
    0.002685452811419964,
    0.0023986580781638622,
    0.002501873765140772,
    0.002511624712496996,
    0.0025694817304611206
  ],
  "trace_estimate": 0.2078319989144802
}