{
  "weight_l2_distance_from_init": 1.382820725440979,
  "final_train_loss": 0.00022038151746528456
}