{
  "train_barrier": 0.12972226180136204,
  "test_barrier": 0.14157673716545105,
  "train_min": 0.009101624600589275,
  "train_max": 0.15489500761032104,
  "train_mean": 0.07552725076675415,
  "test_min": 0.007465462200343609,
  "test_max": 0.1631861925125122,
  "test_mean": 0.07654393464326859
}