{
  "weight_l2_distance_from_init": 1.723921298980713,
  "final_train_loss": 0.0010569318692432716
}