{
  "weight_l2_distance_from_init": 9.057027816772461,
  "final_train_loss": 0.005759918945841491
}