{
  "eigenvalues": [
    4.314597129821777,
    2.247281074523926,
    1.6710045337677002,
    0.254465788602829,
    0.23860862851142883,
    0.21029196679592133,
    0.16016243398189545,
    0.11662358045578003,
    0.10263432562351227,
    0.10251517593860626
  ],
  "trace_estimate": 21.89749345779419
}