{
  "eigenvalues": [
    0.09626278281211853,
    0.03850835561752319,
    0.032975055277347565,
    0.006819671951234341,
    0.006542474031448364,
    0.004960854537785053,
    0.0048166001215577126,
    0.004050577990710735,
    0.0024958907160907984,
    0.0022390636149793863
  ],
  "trace_estimate": 0.29326605424284935
}