{
  "train_barrier": 0.009249895811080933,
  "test_barrier": 0.01167897880077362,
  "train_min": 8.683824853505939e-05,
  "train_max": 0.061177875846624374,
  "train_mean": 0.03082941472530365,
  "test_min": 0.00014346813259180635,
  "test_max": 0.06386304646730423,
  "test_mean": 0.031965430825948715
}