{
  "weight_l2_distance_from_init": 12.671521186828613,
  "final_train_loss": 3.5046153072926245e-06
}