{
  "eigenvalues": [
    2.7907989025115967,
    1.6542928218841553,
    0.6715430617332458,
    0.260293573141098,
    0.14925995469093323,
    0.07699894905090332,
    0.03754730895161629,
    0.03791669011116028,
    0.00950708705931902,
    0.026631582528352737
  ],
  "trace_estimate": 6.401157641410828
}