{
  "eigenvalues": [
    0.20471902191638947,
    0.08368654549121857,
    0.07475694268941879,
    0.018015433102846146,
    0.013186291791498661,
    0.007633215747773647,
    0.001662517781369388,
    0.0016002035699784756,
    0.0012975303689017892,
    0.0011851913295686245
  ],
  "trace_estimate": 0.6114597707986832
}