{
  "train_barrier": 0.004126333980821073,
  "test_barrier": 0.003477239515632391,
  "train_min": 0.0005709291435778141,
  "train_max": 0.005888305138796568,
  "train_mean": 0.003219153033569455,
  "test_min": 0.0006955566932447255,
  "test_max": 0.0054160226136446,
  "test_mean": 0.0030297597404569387
}