{
  "eigenvalues": [
    0.44422647356987,
    0.228083074092865,
    0.15998513996601105,
    0.10128719359636307,
    0.07543809711933136,
    0.031696684658527374,
    0.023075152188539505,
    0.01873539760708809,
    0.014428265392780304,
    0.012502890080213547
  ],
  "trace_estimate": 1.2955622613430022
}