{
  "weight_l2_distance_from_init": 2.4665229320526123,
  "final_train_loss": 0.001308327144215582
}