{
  "eigenvalues": [
    0.04879359155893326,
    0.020156946033239365,
    0.01652616634964943,
    0.0043381573632359505,
    0.003936157561838627,
    0.0037221151869744062,
    0.0004636841476894915,
    0.00044373341370373964,
    0.00033353909384459257,
    0.0003049641672987491
  ],
  "trace_estimate": 0.1026241673156619
}