{
  "weight_l2_distance_from_init": 27.568754196166992,
  "final_train_loss": 5.447307120931555e-07
}