{
  "eigenvalues": [
    3.0542168617248535,
    2.236109733581543,
    0.4938393533229828,
    0.28925299644470215,
    0.155362069606781,
    0.10023029893636703,
    0.05728307366371155,
    0.045169372111558914,
    0.04451907426118851,
    0.04053401201963425
  ],
  "trace_estimate": 9.906481075286866
}