{
  "train_barrier": 0.0,
  "test_barrier": 0.0,
  "train_min": 0.02342068962752819,
  "train_max": 0.15304860472679138,
  "train_mean": 0.042987383902072906,
  "test_min": 0.022863764315843582,
  "test_max": 0.13863691687583923,
  "test_mean": 0.03960885852575302
}