{
  "weight_l2_distance_from_init": 3.037752151489258,
  "final_train_loss": 0.010905681643635035
}