{
  "num_points": 50,
  "train_min": 6.045392728992738e-05,
  "train_max": 1.1187800168991089,
  "train_mean": 0.10789387673139572,
  "test_min": 8.252168481703848e-05,
  "test_max": 1.1041245460510254,
  "test_mean": 0.10393217206001282
}