{
  "num_points": 50,
  "train_min": 0.0033474054653197527,
  "train_max": 2850.27587890625,
  "train_mean": 567.5706176757812,
  "test_min": 0.007211138494312763,
  "test_max": 2870.978515625,
  "test_mean": 572.1199340820312
}