{
  "eigenvalues": [
    5.229134675180432e-38,
    1.4274079057276256e-37,
    2.0860107290524595e-39,
    -1.3620046540866849e-39,
    2.879101546984649e-37,
    4.507747346784787e-38,
    3.605070112423741e-38,
    -1.1750858723199368e-38,
    3.136450122061779e-38,
    -2.8269240305096987e-38
  ],
  "trace_estimate": 8.963496770268052e-33
}