{
  "train_barrier": 0.013767639175057411,
  "test_barrier": 0.0144411101937294,
  "train_min": 0.009057669900357723,
  "train_max": 0.027547238394618034,
  "train_mean": 0.018961800262331963,
  "test_min": 0.008079188875854015,
  "test_max": 0.025977065786719322,
  "test_mean": 0.017363516613841057
}