{
  "weight_l2_distance_from_init": 3.0753045082092285,
  "final_train_loss": 9.895227369716153e-07
}