{
  "weight_l2_distance_from_init": 7.394031524658203,
  "final_train_loss": 1.029375279903988e-06
}