{
  "train_barrier": 2.2174734112923034e-05,
  "test_barrier": 3.198972819973278e-07,
  "train_min": 0.0,
  "train_max": 2.2174734112923034e-05,
  "train_mean": 1.6287876860587858e-06,
  "test_min": 0.0,
  "test_max": 3.198972819973278e-07,
  "test_mean": 3.026116957016711e-08
}