{
  "train_barrier": 0.46780088543891907,
  "test_barrier": 0.48271578550338745,
  "train_min": 0.005021695513278246,
  "train_max": 0.9026731848716736,
  "train_mean": 0.4478617310523987,
  "test_min": 0.005198890808969736,
  "test_max": 0.9175137877464294,
  "test_mean": 0.45338597893714905
}