{
  "eigenvalues": [
    0.061101965606212616,
    0.024844788014888763,
    0.017394594848155975,
    0.008972901850938797,
    0.007810915820300579,
    0.007007531821727753,
    0.005178517661988735,
    0.004551839083433151,
    0.0030647492967545986,
    0.0028569132555276155
  ],
  "trace_estimate": 0.25312739312648774
}