{
  "eigenvalues": [
    0.782914936542511,
    0.676925778388977,
    0.6177805662155151,
    0.14859694242477417,
    0.12131164222955704,
    0.11372697353363037,
    0.08628235757350922,
    0.08269476890563965,
    0.051113907247781754,
    0.051250308752059937
  ],
  "trace_estimate": 3.242942047119141
}