{
  "num_points": 50,
  "train_min": 0.004383675754070282,
  "train_max": 0.8860674500465393,
  "train_mean": 0.046526793390512466,
  "test_min": 0.00130971719045192,
  "test_max": 0.8912055492401123,
  "test_mean": 0.04179484769701958
}