{
  "train_barrier": 0.35682204365730286,
  "test_barrier": 0.35801780223846436,
  "train_min": 0.005035631824284792,
  "train_max": 0.646163821220398,
  "train_mean": 0.3387264609336853,
  "test_min": 0.0034021378960460424,
  "test_max": 0.650162935256958,
  "test_mean": 0.34172338247299194
}