{
  "train_barrier": 0.15739834308624268,
  "test_barrier": 0.17417502403259277
}