{
  "train_barrier": 0.0,
  "test_barrier": 0.0,
  "train_min": 0.004266054835170507,
  "train_max": 0.008671593852341175,
  "train_mean": 0.004982864484190941,
  "test_min": 0.0029487046413123608,
  "test_max": 0.010949407704174519,
  "test_mean": 0.0045875185169279575
}