{
  "weight_l2_distance_from_init": 3.4090051651000977,
  "final_train_loss": 0.004068797618401732
}