{
  "train_barrier": 1.877238780260086,
  "test_barrier": 1.9839750826358795
}