{
  "eigenvalues": [
    2.1100356578826904,
    1.6554652452468872,
    1.0813043117523193,
    0.6338828206062317,
    0.21604782342910767,
    0.1775331199169159,
    0.1074858084321022,
    0.09009797871112823,
    0.06076386198401451,
    0.05258546397089958
  ],
  "trace_estimate": 8.771685361862183
}