{
  "train_barrier": 0.42411769926548004,
  "test_barrier": 0.4298665225505829,
  "train_min": 0.0031109873671084642,
  "train_max": 0.5826770663261414,
  "train_mean": 0.2515471875667572,
  "test_min": 0.0018879348644986749,
  "test_max": 0.5914918780326843,
  "test_mean": 0.255766898393631
}