{
  "eigenvalues": [
    0.002381503116339445,
    0.0012754787458106875,
    0.0005872909678146243,
    0.0003209968563169241,
    0.00019559211796149611,
    0.00018007715698331594,
    0.00015710221487097442,
    0.00015561464533675462,
    0.00012085713387932628,
    0.00012011046783300117
  ],
  "trace_estimate": 0.012438624445348979
}