{
  "train_barrier": 4.429189721122384e-05,
  "test_barrier": 0.0,
  "train_min": 0.00021804704738315195,
  "train_max": 0.00040881289169192314,
  "train_mean": 0.0003545460058376193,
  "test_min": 0.00043066756916232407,
  "test_max": 0.0005014341440983117,
  "test_mean": 0.00047049057320691645
}