{
  "eigenvalues": [
    0.03592008352279663,
    0.02280738204717636,
    0.014241068623960018,
    0.005325684789568186,
    0.004648775793612003,
    0.0006184590747579932,
    -0.000805645773652941,
    0.0012222399236634374,
    0.0015304189873859286,
    0.0009257820202037692
  ],
  "trace_estimate": 0.07517587020993233
}