{
  "eigenvalues": [
    2.039482593536377,
    1.760184645652771,
    1.4544949531555176,
    0.3247535526752472,
    0.3051622211933136,
    0.028949767351150513,
    0.011328108608722687,
    0.010818513110280037,
    -0.004302418325096369,
    -0.004641162231564522
  ],
  "trace_estimate": 6.395911312103271
}