{
  "train_barrier": 0.0,
  "test_barrier": 0.0,
  "train_min": 0.00024494132958352566,
  "train_max": 0.0003574111615307629,
  "train_mean": 0.00030041398713365197,
  "test_min": 0.0003389862831681967,
  "test_max": 0.0004868755058851093,
  "test_mean": 0.0004219031543470919
}