{
  "train_barrier": 0.05892586708068848,
  "test_barrier": 0.04732103645801544
}