{
  "train_barrier": 0.2720130980014801,
  "test_barrier": 0.27659010887145996,
  "train_min": 0.013497247360646725,
  "train_max": 0.6737152934074402,
  "train_mean": 0.3851431906223297,
  "test_min": 0.013340042904019356,
  "test_max": 0.6691023111343384,
  "test_mean": 0.38607317209243774
}