{
  "num_points": 50,
  "train_min": 0.07067511975765228,
  "train_max": 1.5118982791900635,
  "train_mean": 0.3237996995449066,
  "test_min": 0.0812760517001152,
  "test_max": 1.5383660793304443,
  "test_mean": 0.3345344662666321
}