{
  "eigenvalues": [
    0.5089676976203918,
    0.40681925415992737,
    0.09004836529493332,
    0.04390043765306473,
    0.01079818420112133,
    0.00560748903080821,
    0.0027368408627808094,
    0.002809510100632906,
    0.0017288521630689502,
    0.0008992086513899267
  ],
  "trace_estimate": 1.4142241820693016
}