{
  "num_points": 50,
  "train_min": 0.0007291296496987343,
  "train_max": 2.029144525527954,
  "train_mean": 0.27459582686424255,
  "test_min": 0.00262727914378047,
  "test_max": 2.0319881439208984,
  "test_mean": 0.2840741276741028
}