{
  "num_points": 50,
  "train_min": 0.003082158276811242,
  "train_max": 25.92641830444336,
  "train_mean": 2.980609178543091,
  "test_min": 0.002224972937256098,
  "test_max": 24.651384353637695,
  "test_mean": 2.8504908084869385
}