{
  "train_barrier": 5.45775837963447e-05,
  "test_barrier": 0.00017140829004347324,
  "train_min": 5.3839128668187186e-05,
  "train_max": 0.00018290715524926782,
  "train_mean": 0.0001235359231941402,
  "test_min": 0.00014973318320699036,
  "test_max": 0.0031227190047502518,
  "test_mean": 0.0013953143497928977
}