{
  "weight_l2_distance_from_init": 1.3633261919021606,
  "final_train_loss": 0.0002023799747803423
}