{
  "train_barrier": 0.4402206987142563,
  "test_barrier": 0.4446792006492615,
  "train_min": 0.003954061772674322,
  "train_max": 0.6559240818023682,
  "train_mean": 0.33049672842025757,
  "test_min": 0.002557622967287898,
  "test_max": 0.6628327965736389,
  "test_mean": 0.33491969108581543
}