{
  "train_barrier": 0.0,
  "test_barrier": 0.0,
  "train_min": 0.0013083271915093064,
  "train_max": 1.6334866285324097,
  "train_mean": 0.9358869194984436,
  "test_min": 0.001505047781392932,
  "test_max": 1.5536521673202515,
  "test_mean": 0.9046500325202942
}