{
  "eigenvalues": [
    1.8199012279510498,
    1.4572628736495972,
    1.1605072021484375,
    0.15561166405677795,
    0.14397934079170227,
    0.13304728269577026,
    0.09277568757534027,
    0.057373374700546265,
    0.05459015443921089,
    0.04865960031747818
  ],
  "trace_estimate": 6.126347589492798
}