{
  "eigenvalues": [
    0.0009568154346197844,
    0.00036453036591410637,
    0.00011519148392835632,
    9.040817531058565e-06,
    4.858859938394744e-06,
    4.520923539530486e-06,
    4.499107490119059e-06,
    4.303805326344445e-06,
    4.149870619585272e-06,
    3.895840109180426e-06
  ],
  "trace_estimate": 0.0018077909626299515
}