{
  "num_points": 50,
  "train_min": 0.0005044660647399724,
  "train_max": 1.5881437063217163,
  "train_mean": 0.08492826670408249,
  "test_min": 3.7987113046256127e-06,
  "test_max": 1.5428426265716553,
  "test_mean": 0.08180928975343704
}