{
  "weight_l2_distance_from_init": 3.5480904579162598,
  "final_train_loss": 0.02684052789118141
}