{
  "eigenvalues": [
    0.22268113493919373,
    0.13399474322795868,
    0.11251850426197052,
    0.021320058032870293,
    0.020507128909230232,
    0.0038459524512290955,
    0.0007848787354305387,
    0.0007235626690089703,
    0.0006720974342897534,
    0.000637836754322052
  ],
  "trace_estimate": 0.6052239432930946
}