{
  "train_barrier": 0.0,
  "test_barrier": 0.0,
  "train_min": 0.02684052847325802,
  "train_max": 0.060415688902139664,
  "train_mean": 0.040858302265405655,
  "test_min": 0.025931542739272118,
  "test_max": 0.047989241778850555,
  "test_mean": 0.03551258146762848
}