{
  "eigenvalues": [
    0.07176482677459717,
    0.056408219039440155,
    0.04890517145395279,
    0.010906984098255634,
    0.009949862957000732,
    0.0020482002291828394,
    0.0003002532757818699,
    0.0002693788555916399,
    -0.00018146171350963414,
    4.962387538398616e-05
  ],
  "trace_estimate": 0.18172756321728228
}