{
  "num_points": 50,
  "train_min": 0.1850021928548813,
  "train_max": 4.338039398193359,
  "train_mean": 1.0082019567489624,
  "test_min": 0.18977679312229156,
  "test_max": 4.519257068634033,
  "test_mean": 1.0745102167129517
}