{
  "weight_l2_distance_from_init": 3.064922332763672,
  "final_train_loss": 0.008405298096477054
}