{
  "eigenvalues": [
    2.285402297973633,
    1.2263705730438232,
    0.987206757068634,
    0.2929617762565613,
    0.2619374394416809,
    0.03844519704580307,
    0.03533665090799332,
    0.0330357551574707,
    0.022193681448698044,
    0.01763072982430458
  ],
  "trace_estimate": 3.711022877693176
}