{
  "train_barrier": 0.049029022455215454,
  "test_barrier": 0.05227011442184448
}