{
  "train_barrier": 0.0,
  "test_barrier": 0.0,
  "train_min": 0.004517253488302231,
  "train_max": 0.00688574044033885,
  "train_mean": 0.005151590332388878,
  "test_min": 0.002827949123457074,
  "test_max": 0.0101569052785635,
  "test_mean": 0.005219676997512579
}