{
  "eigenvalues": [
    2.8065176010131836,
    1.4344453811645508,
    1.1410022974014282,
    0.3136245906352997,
    0.27107951045036316,
    0.03882084786891937,
    0.039300475269556046,
    0.030619634315371513,
    0.021928731352090836,
    0.020141638815402985
  ],
  "trace_estimate": 6.8974133968353275
}