{
  "num_points": 50,
  "train_min": 0.024534886702895164,
  "train_max": 1.2228156328201294,
  "train_mean": 0.21071965992450714,
  "test_min": 0.022876126691699028,
  "test_max": 1.289081335067749,
  "test_mean": 0.22227443754673004
}