{
  "eigenvalues": [
    0.10172918438911438,
    0.05121532082557678,
    0.010730212554335594,
    0.003110661404207349,
    0.002506966469809413,
    0.002061559120193124,
    0.0019181377720087767,
    0.0017229635268449783,
    0.0013437543530017138,
    0.001117515261285007
  ],
  "trace_estimate": 0.18303357511758805
}