{
  "eigenvalues": [
    0.0005219315062277019,
    5.731113924412057e-05,
    2.4983020921354182e-05,
    8.038367013796233e-06,
    2.2048122900741873e-06,
    -9.800999123399379e-09,
    9.704190233605914e-07,
    9.813295065441707e-08,
    -2.1056499122096284e-07,
    1.5059349323109927e-08
  ],
  "trace_estimate": 0.0007368717931967694
}