{
  "eigenvalues": [
    2.10601544380188,
    1.9893155097961426,
    1.5785958766937256,
    -0.12141859531402588,
    0.07572884857654572,
    -0.004068545997142792,
    -0.046845443546772,
    0.04099837690591812,
    0.026243895292282104,
    -0.024674033746123314
  ],
  "trace_estimate": 5.744787684082985
}