{
  "train_barrier": 0.28157371282577515,
  "test_barrier": 0.2767319083213806
}