{
  "weight_l2_distance_from_init": 3.0110743045806885,
  "final_train_loss": 0.010408782603917643
}