{
  "train_barrier": 0.28144238144159317,
  "test_barrier": 0.28283724933862686,
  "train_min": 2.444862730044406e-05,
  "train_max": 0.3557933568954468,
  "train_mean": 0.13955119252204895,
  "test_min": 1.6934580344241112e-05,
  "test_max": 0.3589456081390381,
  "test_mean": 0.1403237283229828
}