{
  "weight_l2_distance_from_init": 22.943204879760742,
  "final_train_loss": 0.00213478662212907
}