{
  "train_barrier": 0.3330730330199003,
  "test_barrier": 0.34650831669569016,
  "train_min": 0.002619900507852435,
  "train_max": 0.3556591868400574,
  "train_mean": 0.09768378734588623,
  "test_min": 0.0032624390441924334,
  "test_max": 0.36881786584854126,
  "test_mean": 0.10018815100193024
}