{
  "eigenvalues": [
    15.271934509277344,
    13.334365844726562,
    4.2049713134765625,
    1.468471884727478,
    0.8400802612304688,
    0.07241596281528473,
    0.05108053237199783,
    0.036848463118076324,
    -0.007619972340762615,
    0.008941156789660454
  ],
  "trace_estimate": 39.89219970703125
}