{
  "train_barrier": 0.3520858436822891,
  "test_barrier": 0.3528961054980755,
  "train_min": 0.0019530904246494174,
  "train_max": 0.3983510732650757,
  "train_mean": 0.13203781843185425,
  "test_min": 0.0012965970672667027,
  "test_max": 0.399597704410553,
  "test_mean": 0.13351401686668396
}