{
  "eigenvalues": [
    4.104104042053223,
    2.2624616622924805,
    0.7139214873313904,
    0.33092746138572693,
    0.1532737910747528,
    0.09784004092216492,
    0.094464972615242,
    0.08556927740573883,
    0.07720276713371277,
    0.06594958901405334
  ],
  "trace_estimate": 10.843278217315675
}