{
  "eigenvalues": [
    1.8982510566711426,
    0.7312361001968384,
    0.4625982642173767,
    0.12664824724197388,
    0.056737929582595825,
    0.02553764171898365,
    0.015051488764584064,
    0.013892721384763718,
    -0.013226088136434555,
    0.007252861279994249
  ],
  "trace_estimate": 2.8646427631378173
}