{
  "weight_l2_distance_from_init": 1.5381486415863037,
  "final_train_loss": 0.0011353831469023135
}