{
  "weight_l2_distance_from_init": 2.2007241249084473,
  "final_train_loss": 0.012343325768597424
}