{
  "num_points": 50,
  "train_min": 0.20151376724243164,
  "train_max": 0.7396156191825867,
  "train_mean": 0.49069446325302124,
  "test_min": 0.2053375244140625,
  "test_max": 0.7629360556602478,
  "test_mean": 0.5029343962669373
}