{
  "eigenvalues": [
    0.00025833776453509927,
    3.6547127820085734e-05,
    -2.1767347789136693e-05,
    -1.187650650535943e-05,
    -4.191357675153995e-06,
    -2.30347200158576e-06,
    3.5040902730543166e-06,
    5.972327016934287e-06,
    9.120183790400915e-07,
    6.4979940361808985e-06
  ],
  "trace_estimate": 0.00028893698763567956
}