{
  "weight_l2_distance_from_init": 2.2927346229553223,
  "final_train_loss": 0.0032452891900902614
}