{
  "eigenvalues": [
    0.25919461250305176,
    0.14887090027332306,
    0.13546329736709595,
    0.014514275826513767,
    0.015353132039308548,
    0.009078405797481537,
    0.00870899111032486,
    0.008374543860554695,
    0.006438948214054108,
    0.0070197428576648235
  ],
  "trace_estimate": 1.325157505273819
}