{
  "eigenvalues": [
    0.4626316428184509,
    0.21328608691692352,
    0.19498509168624878,
    0.02337018959224224,
    0.022964589297771454,
    0.016396868973970413,
    0.01572190783917904,
    0.013021321035921574,
    0.012398107908666134,
    0.009363260120153427
  ],
  "trace_estimate": 0.9970975577831268
}