{
  "train_barrier": 0.2846032828092575,
  "test_barrier": 0.2604946196079254,
  "train_min": 0.14993450045585632,
  "train_max": 0.4989592730998993,
  "train_mean": 0.33903539180755615,
  "test_min": 0.15135051310062408,
  "test_max": 0.47718867659568787,
  "test_mean": 0.3312109112739563
}