{
  "eigenvalues": [
    0.33400803804397583,
    0.142401784658432,
    0.09091884642839432,
    0.03693132847547531,
    0.003793844487518072,
    0.000575600250158459,
    0.00037307030288502574,
    2.105720341205597e-05,
    0.0003454319667071104,
    -4.58088907180354e-05
  ],
  "trace_estimate": 0.5845638185739517
}