{
  "eigenvalues": [
    0.09023120999336243,
    0.05375688150525093,
    0.03920316696166992,
    0.013425411656498909,
    0.004412733484059572,
    0.0031608326826244593,
    0.0007103349780663848,
    0.0007386805955320597,
    0.0005764786619693041,
    0.0006393698859028518
  ],
  "trace_estimate": 0.24604275450110435
}