{
  "num_points": 50,
  "train_min": 0.07550663501024246,
  "train_max": 336.107421875,
  "train_mean": 75.6142807006836,
  "test_min": 0.06237934157252312,
  "test_max": 326.0303955078125,
  "test_mean": 74.76390075683594
}