{
  "eigenvalues": [
    8.426549911499023,
    5.2061567306518555,
    1.3400859832763672,
    0.6024024486541748,
    0.2531665861606598,
    0.12861105799674988,
    0.08279106020927429,
    0.06758654862642288,
    0.0473174974322319,
    0.045404694974422455
  ],
  "trace_estimate": 13.628087091445924
}