{
  "eigenvalues": [
    0.8061141967773438,
    0.5959914922714233,
    0.23504427075386047,
    0.009570766240358353,
    0.004298023879528046,
    -0.009499992243945599,
    0.008684707805514336,
    -0.0046989573165774345,
    0.007847989909350872,
    -0.006338309030979872
  ],
  "trace_estimate": 1.784822154045105
}