{
  "eigenvalues": [
    0.035618312656879425,
    0.016662713140249252,
    0.011008067056536674,
    0.00782561395317316,
    0.0068784249015152454,
    0.005229976028203964,
    0.003232513088732958,
    0.0026981374248862267,
    0.0019385367631912231,
    0.0017417900962755084
  ],
  "trace_estimate": 0.1858534723520279
}