{
  "eigenvalues": [
    0.12229305505752563,
    0.08191248774528503,
    0.042128682136535645,
    0.014173079282045364,
    0.00427526980638504,
    0.0019058699253946543,
    0.0006757320952601731,
    0.0007323669269680977,
    0.0007899085758253932,
    0.0006365289445966482
  ],
  "trace_estimate": 0.2691313669085503
}