{
  "eigenvalues": [
    5.590351104736328,
    3.63808012008667,
    3.0799882411956787,
    0.6395254731178284,
    0.5775684118270874,
    0.03369714692234993,
    0.028224050998687744,
    0.02622053399682045,
    -0.010398746468126774,
    0.00689330231398344
  ],
  "trace_estimate": 11.453452277183533
}