{
  "num_points": 50,
  "train_min": 0.0018770870519801974,
  "train_max": 1.8583574295043945,
  "train_mean": 0.21183505654335022,
  "test_min": 0.006901740096509457,
  "test_max": 1.8523837327957153,
  "test_mean": 0.21190781891345978
}