{
  "weight_l2_distance_from_init": 1.4685719013214111,
  "final_train_loss": 0.0002434068642287457
}