{
  "num_points": 50,
  "train_min": 0.00607792753726244,
  "train_max": 1.407536506652832,
  "train_mean": 0.20592817664146423,
  "test_min": 0.0010623338166624308,
  "test_max": 1.652656078338623,
  "test_mean": 0.23867325484752655
}