{
  "eigenvalues": [
    0.010457578115165234,
    0.002057787962257862,
    0.001087685115635395,
    0.0004879774060100317,
    0.00039568927604705095,
    0.00023801985662430525,
    0.000195945511222817,
    0.00014281872427091002,
    0.00010529087739996612,
    9.696574124973267e-05
  ],
  "trace_estimate": 0.022100777784362435
}