{
  "weight_l2_distance_from_init": 0.31050577759742737,
  "final_train_loss": 0.6900360882282257
}