{
  "eigenvalues": [
    0.44974398612976074,
    0.19702059030532837,
    0.13847202062606812,
    0.06782246381044388,
    0.01722557097673416,
    0.006259195506572723,
    0.005148722790181637,
    -0.004588800948113203,
    0.0045244693756103516,
    0.0041765146888792515
  ],
  "trace_estimate": 0.9280982226133346
}