{
  "eigenvalues": [
    7.085690975189209,
    4.523782730102539,
    3.8559083938598633,
    0.8645179271697998,
    0.661982536315918,
    0.033686161041259766,
    0.03276678919792175,
    0.03255433589220047,
    0.014601198025047779,
    0.00650801882147789
  ],
  "trace_estimate": 20.504961371421814
}