{
  "weight_l2_distance_from_init": 3.411104917526245,
  "final_train_loss": 0.00819045232492499
}