{
  "eigenvalues": [
    0.8636844158172607,
    0.3879762589931488,
    0.3558920621871948,
    0.04820480942726135,
    0.039913877844810486,
    0.04150122404098511,
    0.03344874083995819,
    0.02814055047929287,
    0.022762559354305267,
    0.021028703078627586
  ],
  "trace_estimate": 2.1977543413639067
}