{
  "train_barrier": 0.014494353701593354,
  "test_barrier": 0.02442759880796075,
  "train_min": 2.567886383531004e-07,
  "train_max": 0.01495557650923729,
  "train_mean": 0.004157716408371925,
  "test_min": 1.6543021047255024e-05,
  "test_max": 0.025361185893416405,
  "test_mean": 0.00869154091924429
}