{
  "train_barrier": 0.021549299359321594,
  "test_barrier": 0.02103915810585022
}