{
  "weight_l2_distance_from_init": 5.934474468231201,
  "final_train_loss": 0.0008992246985144448
}