{
  "train_barrier": 0.07291632890701294,
  "test_barrier": 0.07004177570343018
}