{
  "eigenvalues": [
    0.00177028588950634,
    0.0008929118630476296,
    0.00024497421691194177,
    3.671115337056108e-06,
    3.7986778806953225e-06,
    2.788894562399946e-06,
    2.7222417884331662e-06,
    2.572985067672562e-06,
    1.4570775874744868e-06,
    2.6402508410683367e-06
  ],
  "trace_estimate": 0.0027302103815600278
}