{
  "num_points": 50,
  "train_min": 0.000540976005140692,
  "train_max": 1.1187800168991089,
  "train_mean": 0.13775049149990082,
  "test_min": 0.001875679474323988,
  "test_max": 1.1041245460510254,
  "test_mean": 0.135986328125
}