{
  "eigenvalues": [
    0.05710923671722412,
    0.02234676107764244,
    0.009030908346176147,
    0.0030010556802153587,
    0.0020998138934373856,
    0.0004904505331069231,
    -0.0007684631273150444,
    0.0005101796123199165,
    -6.0186051996424794e-05,
    -0.00022219751554075629
  ],
  "trace_estimate": 0.09341708905994892
}