{
  "num_points": 50,
  "train_min": 0.06654883921146393,
  "train_max": 1.819462776184082,
  "train_mean": 0.5087113380432129,
  "test_min": 0.06833414733409882,
  "test_max": 1.8061277866363525,
  "test_mean": 0.505352795124054
}