{
  "weight_l2_distance_from_init": 2.939950466156006,
  "final_train_loss": 0.012179572600871325
}