{
  "eigenvalues": [
    0.15847310423851013,
    0.10228609293699265,
    0.009320171549916267,
    0.0065363189205527306,
    0.0034066697116941214,
    0.002297396073117852,
    0.0018252129666507244,
    0.0017490331083536148,
    0.0014621879672631621,
    0.0012205172097310424
  ],
  "trace_estimate": 0.32283344604074954
}