{
  "train_barrier": 0.02589432666718494,
  "test_barrier": 0.026064073928864673,
  "train_min": 0.0,
  "train_max": 0.02598762698471546,
  "train_mean": 0.004640557337552309,
  "test_min": 0.0,
  "test_max": 0.026211589574813843,
  "test_mean": 0.004848113749176264
}