{
  "eigenvalues": [
    0.2679232060909271,
    0.13737356662750244,
    0.10621009767055511,
    0.032622262835502625,
    0.021940652281045914,
    0.006167291663587093,
    0.0009530201787129045,
    0.0037744271103292704,
    -0.0018849564949050546,
    0.0010056408355012536
  ],
  "trace_estimate": 0.8474924713373184
}