{
  "num_points": 50,
  "train_min": 0.20286257565021515,
  "train_max": 0.7396156191825867,
  "train_mean": 0.5000345706939697,
  "test_min": 0.2102242410182953,
  "test_max": 0.7629360556602478,
  "test_mean": 0.5186196565628052
}