{
  "num_points": 50,
  "train_min": 5.0401915359543636e-05,
  "train_max": 0.4412921667098999,
  "train_mean": 0.016904504969716072,
  "test_min": 0.004783035721629858,
  "test_max": 0.46144768595695496,
  "test_mean": 0.024425171315670013
}