{
  "weight_l2_distance_from_init": 8.900837898254395,
  "final_train_loss": 0.002997342672188097
}