{
  "num_points": 50,
  "train_min": 0.00018026623001787812,
  "train_max": 0.9569540023803711,
  "train_mean": 0.36901867389678955,
  "test_min": 0.00021706386178266257,
  "test_max": 0.8935153484344482,
  "test_mean": 0.35608360171318054
}