{
  "eigenvalues": [
    2.20786452293396,
    1.866886854171753,
    0.45839348435401917,
    0.36530715227127075,
    0.11846068501472473,
    0.08329013735055923,
    0.0535881370306015,
    0.04691333323717117,
    0.04446888342499733,
    0.04181483015418053
  ],
  "trace_estimate": 8.185249829292298
}