{
  "weight_l2_distance_from_init": 1.237665057182312,
  "final_train_loss": 0.0033310193525721843
}