{
  "eigenvalues": [
    19.3665714263916,
    15.175552368164062,
    1.5621598958969116,
    1.8686336278915405,
    0.4686996042728424,
    0.36517006158828735,
    0.13811218738555908,
    0.11994260549545288,
    0.09865542501211166,
    0.08265149593353271
  ],
  "trace_estimate": 42.376915228366855
}