{
  "eigenvalues": [
    0.09868374466896057,
    0.05097481608390808,
    0.037944115698337555,
    0.0075165946036577225,
    0.006997238844633102,
    0.005764984525740147,
    0.004132275469601154,
    0.0040824334137141705,
    0.0030338105279952288,
    0.0021210014820098877
  ],
  "trace_estimate": 0.34268480241298677
}