{
  "train_barrier": 0.20755630731582642,
  "test_barrier": 0.2063688039779663,
  "train_min": 0.03690790385007858,
  "train_max": 0.5496041774749756,
  "train_mean": 0.3078712224960327,
  "test_min": 0.03530821204185486,
  "test_max": 0.5527904033660889,
  "test_mean": 0.3088398873806
}