{
  "num_points": 50,
  "train_min": 0.006408196873962879,
  "train_max": 0.941985011100769,
  "train_mean": 0.0672391802072525,
  "test_min": 0.0034796292893588543,
  "test_max": 0.9509903192520142,
  "test_mean": 0.06495467573404312
}