{
  "train_barrier": 0.42079612612724304,
  "test_barrier": 0.4239504374563694,
  "train_min": 0.001953090657480061,
  "train_max": 0.46086716651916504,
  "train_mean": 0.15164907276630402,
  "test_min": 0.0012965970672667027,
  "test_max": 0.46219438314437866,
  "test_mean": 0.15164577960968018
}