{
  "train_barrier": 0.07692892849445343,
  "test_barrier": 0.0757785439491272,
  "train_min": 0.0066878157667815685,
  "train_max": 0.29667091369628906,
  "train_mean": 0.16694225370883942,
  "test_min": 0.0064463489688932896,
  "test_max": 0.3002627193927765,
  "test_mean": 0.16532060503959656
}