{
  "train_barrier": 9.298755321651697e-05,
  "test_barrier": 0.002263807524286676,
  "train_min": 9.895227321976563e-07,
  "train_max": 0.0001100031950045377,
  "train_mean": 3.469220609986223e-05,
  "test_min": 4.854751750826836e-06,
  "test_max": 0.0022953450679779053,
  "test_mean": 0.0006191598949953914
}