{
  "eigenvalues": [
    0.0004903249209746718,
    8.974835509434342e-05,
    2.1157458832021803e-05,
    6.052617663954152e-06,
    5.4718861974834e-07,
    2.570523349731957e-07,
    4.517586944530194e-07,
    -1.750401565914217e-07,
    8.374399129706944e-08,
    2.478987681797662e-09
  ],
  "trace_estimate": 0.0008023091522773029
}