{
  "num_points": 50,
  "train_min": 0.004626051057130098,
  "train_max": 0.7047604322433472,
  "train_mean": 0.23512905836105347,
  "test_min": 0.0048708366230130196,
  "test_max": 0.6944159269332886,
  "test_mean": 0.23008160293102264
}