{
  "eigenvalues": [
    0.7364880442619324,
    0.23758408427238464,
    0.11262442916631699,
    0.017799213528633118,
    0.005872184410691261,
    0.0045819273218512535,
    0.002370313508436084,
    0.0020777378231287003,
    0.0018959494773298502,
    0.0018208986148238182
  ],
  "trace_estimate": 2.460150772333145
}