{
  "num_points": 50,
  "train_min": 0.0,
  "train_max": 0.5736877918243408,
  "train_mean": 0.025759058073163033,
  "test_min": 0.0,
  "test_max": 0.574646532535553,
  "test_mean": 0.025714267045259476
}