{
  "weight_l2_distance_from_init": 3.5883703231811523,
  "final_train_loss": 0.0036455959987051756
}