{
  "train_barrier": 0.07930576801300049,
  "test_barrier": 0.08238059282302856
}