{
  "eigenvalues": [
    0.20392674207687378,
    0.05205868184566498,
    0.017167307436466217,
    0.008169576525688171,
    0.007298833690583706,
    0.003403549548238516,
    0.0025035920552909374,
    0.002631170442327857,
    0.002223462797701359,
    0.0018579410389065742
  ],
  "trace_estimate": 0.3721956104040146
}