{
  "weight_l2_distance_from_init": 9.704912185668945,
  "final_train_loss": 8.489469422556795e-06
}