{
  "train_barrier": 0.11962953209877014,
  "test_barrier": 0.12291514873504639,
  "train_min": 0.32005083560943604,
  "train_max": 0.4763646721839905,
  "train_mean": 0.4131797254085541,
  "test_min": 0.31133994460105896,
  "test_max": 0.4735040068626404,
  "test_mean": 0.4081176221370697
}