{
  "train_barrier": 0.3335420787334442,
  "test_barrier": 0.31916868686676025
}