{
  "num_points": 50,
  "train_min": 0.01107452716678381,
  "train_max": 1.318554401397705,
  "train_mean": 0.06018401309847832,
  "test_min": 0.0019576488994061947,
  "test_max": 1.2032803297042847,
  "test_mean": 0.05218454822897911
}