{
  "weight_l2_distance_from_init": 1.3373662233352661,
  "final_train_loss": 1.9250352426780637e-05
}