{
  "train_barrier": 4.024943336844444e-06,
  "test_barrier": 9.207113180309534e-06,
  "train_min": 0.00012850406346842647,
  "train_max": 0.00044889203854836524,
  "train_mean": 0.0003123799106106162,
  "test_min": 0.000246823881752789,
  "test_max": 0.0005862590041942894,
  "test_mean": 0.0004511532897595316
}