{
  "eigenvalues": [
    0.04837504029273987,
    0.01971757970750332,
    0.009067291393876076,
    0.002813211176544428,
    0.002299725078046322,
    0.0011369733838364482,
    0.001217665383592248,
    0.0012480312725529075,
    0.00036831945180892944,
    -0.0006970073445700109
  ],
  "trace_estimate": 0.09173880405724048
}