{
  "weight_l2_distance_from_init": 2.659189462661743,
  "final_train_loss": 0.014582835341570899
}