{
  "weight_l2_distance_from_init": 1.398654818534851,
  "final_train_loss": 0.00011012766663043294
}