{
  "num_points": 50,
  "train_min": 0.08206547796726227,
  "train_max": 1.8447628021240234,
  "train_mean": 0.3437429666519165,
  "test_min": 0.09560709446668625,
  "test_max": 1.7612743377685547,
  "test_mean": 0.35069918632507324
}