{
  "num_points": 50,
  "train_min": 2.708312968024984e-05,
  "train_max": 1.8332973718643188,
  "train_mean": 0.2180178463459015,
  "test_min": 0.00011432946485001594,
  "test_max": 1.8023853302001953,
  "test_mean": 0.2139449268579483
}