{
  "eigenvalues": [
    2.6608901023864746,
    1.3462316989898682,
    0.8622702360153198,
    0.29400524497032166,
    0.29355132579803467,
    0.06385965645313263,
    0.054122574627399445,
    0.03578241169452667,
    0.03033428266644478,
    0.026780366897583008
  ],
  "trace_estimate": 8.155453717708587
}