{
  "num_points": 50,
  "train_min": 0.0,
  "train_max": 8.108765602111816,
  "train_mean": 1.0854119062423706,
  "test_min": 1.2106831093205983e-07,
  "test_max": 5.969242572784424,
  "test_mean": 0.8426544070243835
}