{
  "eigenvalues": [
    0.17887577414512634,
    0.14221397042274475,
    0.05527704954147339,
    0.026042260229587555,
    0.00980176217854023,
    0.0059646363370120525,
    0.0034028724767267704,
    0.0028631030581891537,
    0.0015506205381825566,
    0.0012887339107692242
  ],
  "trace_estimate": 0.41689876914024354
}