{
  "train_barrier": 0.0,
  "test_barrier": 0.0,
  "train_min": 0.02684052847325802,
  "train_max": 0.12322807312011719,
  "train_mean": 0.05191747844219208,
  "test_min": 0.025931542739272118,
  "test_max": 0.10189501196146011,
  "test_mean": 0.04550992697477341
}