{
  "train_barrier": 0.0,
  "test_barrier": 0.0,
  "train_min": 0.6901758313179016,
  "train_max": 0.7078478336334229,
  "train_mean": 0.6936833262443542,
  "test_min": 0.6912957429885864,
  "test_max": 0.7081636786460876,
  "test_mean": 0.6942844986915588
}