{
  "eigenvalues": [
    0.34078630805015564,
    0.19506049156188965,
    0.15578044950962067,
    0.05442007631063461,
    0.02202124521136284,
    0.0067591373808681965,
    0.004899137653410435,
    0.005609584040939808,
    0.00320254429243505,
    0.0050734784454107285
  ],
  "trace_estimate": 0.7636649191379548
}