{
  "weight_l2_distance_from_init": 2.048316478729248,
  "final_train_loss": 0.0029946011054562405
}