{
  "train_barrier": 0.0,
  "test_barrier": 0.0,
  "train_min": 0.0045172544196248055,
  "train_max": 0.0260453000664711,
  "train_mean": 0.006590867415070534,
  "test_min": 0.00282147154211998,
  "test_max": 0.029661189764738083,
  "test_mean": 0.00610576756298542
}