{
  "eigenvalues": [
    3.290799856185913,
    2.0497097969055176,
    1.852139949798584,
    0.23533794283866882,
    0.21511058509349823,
    0.18817198276519775,
    0.16439887881278992,
    0.09685328602790833,
    0.09361806511878967,
    0.07284905761480331
  ],
  "trace_estimate": 16.169370079040526
}