{
  "weight_l2_distance_from_init": 4.333316326141357,
  "final_train_loss": 3.428513636549724e-05
}