{
  "train_barrier": 0.4638900011777878,
  "test_barrier": 0.4660301059484482,
  "train_min": 0.0001131150929722935,
  "train_max": 0.6153354048728943,
  "train_mean": 0.2587047815322876,
  "test_min": 0.0001969340373761952,
  "test_max": 0.6206194162368774,
  "test_mean": 0.25750622153282166
}