{
  "weight_l2_distance_from_init": 1.3619483709335327,
  "final_train_loss": 0.003931687067051826
}