{
  "num_points": 50,
  "train_min": 0.006216573063284159,
  "train_max": 0.8690308332443237,
  "train_mean": 0.09043203294277191,
  "test_min": 0.004271356388926506,
  "test_max": 0.8381562829017639,
  "test_mean": 0.08253747224807739
}