{
  "train_barrier": 0.08351117372512817,
  "test_barrier": 0.09094604849815369
}