{
  "train_barrier": 0.046127140522003174,
  "test_barrier": 0.08365154266357422
}