{
  "train_barrier": 0.1214163601398468,
  "test_barrier": 0.11931714415550232,
  "train_min": 0.008599909953773022,
  "train_max": 0.3343784511089325,
  "train_mean": 0.18185782432556152,
  "test_min": 0.008235103450715542,
  "test_max": 0.33784395456314087,
  "test_mean": 0.18063031136989594
}