{
  "weight_l2_distance_from_init": 6.179290771484375,
  "final_train_loss": 0.0013599148151115514
}