{
  "train_barrier": 0.0,
  "test_barrier": 0.0,
  "train_min": 0.6901758313179016,
  "train_max": 0.723798930644989,
  "train_mean": 0.6961424350738525,
  "test_min": 0.6912957429885864,
  "test_max": 0.7332261204719543,
  "test_mean": 0.6982849836349487
}