{
  "eigenvalues": [
    1.7602691650390625,
    1.2941464185714722,
    0.9312867522239685,
    0.5399625301361084,
    0.16551853716373444,
    0.12213585525751114,
    0.08111748099327087,
    0.08566542714834213,
    0.05536764860153198,
    0.0425504595041275
  ],
  "trace_estimate": 9.14497652053833
}