{
  "num_points": 50,
  "train_min": 0.011306699365377426,
  "train_max": 0.7040541768074036,
  "train_mean": 0.23401200771331787,
  "test_min": 0.010849645361304283,
  "test_max": 0.6944159269332886,
  "test_mean": 0.23009246587753296
}