{
  "num_points": 50,
  "train_min": 0.01885174959897995,
  "train_max": 0.49249958992004395,
  "train_mean": 0.06516780704259872,
  "test_min": 0.018581420183181763,
  "test_max": 0.49158528447151184,
  "test_mean": 0.06516336649656296
}