{
  "train_barrier": 0.05668257083743811,
  "test_barrier": 0.05052169784903526,
  "train_min": 0.007339355535805225,
  "train_max": 0.06419076770544052,
  "train_mean": 0.029418110847473145,
  "test_min": 0.005663084797561169,
  "test_max": 0.0567486546933651,
  "test_mean": 0.025421597063541412
}