{
  "eigenvalues": [
    0.6655581593513489,
    0.5309303998947144,
    0.12489824742078781,
    0.06329034268856049,
    0.01643246039748192,
    0.012407556176185608,
    0.005905435420572758,
    0.0027925469912588596,
    0.0007330890512093902,
    0.0006618445040658116
  ],
  "trace_estimate": 1.8305604219436646
}