{
  "weight_l2_distance_from_init": 30.634870529174805,
  "final_train_loss": 3.490160664920694e-07
}