{
  "train_barrier": 0.03055441379547119,
  "test_barrier": 0.027071237564086914,
  "train_min": 0.0011892087059095502,
  "train_max": 1.3851988315582275,
  "train_mean": 0.7859253287315369,
  "test_min": 0.001414217404089868,
  "test_max": 1.3648625612258911,
  "test_mean": 0.7829909920692444
}