{
  "num_points": 50,
  "train_min": 1.2111672731407452e-06,
  "train_max": 0.5067037343978882,
  "train_mean": 0.01635272055864334,
  "test_min": 1.0344659813199542e-06,
  "test_max": 0.49987757205963135,
  "test_mean": 0.016162220388650894
}