{
  "num_points": 50,
  "train_min": 1.1797312282624262e-07,
  "train_max": 1.5881437063217163,
  "train_mean": 0.06655634194612503,
  "test_min": 2.3283055483602766e-09,
  "test_max": 1.5428426265716553,
  "test_mean": 0.06337922811508179
}