{
  "eigenvalues": [
    0.166015625,
    0.055782269686460495,
    0.014936322346329689,
    0.009182236157357693,
    0.0064847772009670734,
    0.0030221492052078247,
    0.0025026469957083464,
    0.0017669681692495942,
    0.0016271087806671858,
    0.0016622489783912897
  ],
  "trace_estimate": 0.2504468739032745
}