{
  "train_barrier": 0.40053875744342804,
  "test_barrier": 0.3832293450832367,
  "train_min": 0.005362030118703842,
  "train_max": 0.5400282144546509,
  "train_mean": 0.22675707936286926,
  "test_min": 0.0035602394491434097,
  "test_max": 0.5248652100563049,
  "test_mean": 0.2227563112974167
}