{
  "weight_l2_distance_from_init": 0.28079360723495483,
  "final_train_loss": 0.6901758424937725
}