{
  "eigenvalues": [
    0.8858281970024109,
    0.3088797628879547,
    0.29367780685424805,
    0.08845676481723785,
    0.03362809494137764,
    -0.021016189828515053,
    0.012702223844826221,
    -0.009768491610884666,
    -0.01069927029311657,
    0.01112530566751957
  ],
  "trace_estimate": 2.39472935795784
}