{
  "weight_l2_distance_from_init": 0.9769710898399353,
  "final_train_loss": 0.00011222802169186252
}