{
  "num_points": 50,
  "train_min": 0.0,
  "train_max": 0.5652220249176025,
  "train_mean": 0.01889718882739544,
  "test_min": 1.0756482282658908e-07,
  "test_max": 0.5590640306472778,
  "test_mean": 0.019137121737003326
}