{
  "train_barrier": 0.4292774572968483,
  "test_barrier": 0.42605873942375183,
  "train_min": 1.7271102478844114e-05,
  "train_max": 0.502093493938446,
  "train_mean": 0.18554849922657013,
  "test_min": 4.8516107199247926e-05,
  "test_max": 0.4959501326084137,
  "test_mean": 0.1835646629333496
}