{
  "num_points": 50,
  "train_min": 0.0,
  "train_max": 122.47032928466797,
  "train_mean": 5.025720596313477,
  "test_min": 0.0,
  "test_max": 122.69013214111328,
  "test_mean": 5.028814315795898
}