{
  "num_points": 50,
  "train_min": 0.003369515063241124,
  "train_max": 0.7839049100875854,
  "train_mean": 0.08998279273509979,
  "test_min": 0.0014864736003801227,
  "test_max": 0.8083884119987488,
  "test_mean": 0.08337478339672089
}