{
  "weight_l2_distance_from_init": 7.0569024085998535,
  "final_train_loss": 0.0003947159566450864
}