{
  "eigenvalues": [
    2.2060842514038086,
    1.2228955030441284,
    0.4764533042907715,
    0.11198776215314865,
    -0.08903178572654724,
    0.035133007913827896,
    -0.09195119142532349,
    0.083234503865242,
    -0.06960311532020569,
    0.022149542346596718
  ],
  "trace_estimate": 6.1674731254577635
}