{
  "eigenvalues": [
    2.660355567932129,
    1.9592242240905762,
    0.6514194011688232,
    0.4455627202987671,
    0.18509262800216675,
    0.1015675887465477,
    0.09832719713449478,
    0.09219114482402802,
    0.08400139212608337,
    0.08987655490636826
  ],
  "trace_estimate": 8.791130304336548
}