{
  "train_barrier": 0.1064208447933197,
  "test_barrier": 0.11271202564239502,
  "train_min": 0.0029003580566495657,
  "train_max": 0.13359735906124115,
  "train_mean": 0.0491313636302948,
  "test_min": 0.002958680735900998,
  "test_max": 0.14006651937961578,
  "test_mean": 0.051275551319122314
}