{
  "train_barrier": 0.006583681330084801,
  "test_barrier": 0.0072803497314453125,
  "train_min": 0.008907909505069256,
  "train_max": 0.021166516467928886,
  "train_mean": 0.016018543392419815,
  "test_min": 0.007701599504798651,
  "test_max": 0.01896556280553341,
  "test_mean": 0.013860170729458332
}