{
  "train_barrier": 8.48486160975881e-06,
  "test_barrier": 5.064379365649074e-06,
  "train_min": 1.2197228898003232e-05,
  "train_max": 2.4698498236830346e-05,
  "train_mean": 1.9621666069724597e-05,
  "test_min": 1.0141778147954028e-05,
  "test_max": 0.00012366393639240414,
  "test_mean": 6.552539707627147e-05
}