{
  "eigenvalues": [
    0.00027435377705842257,
    2.3722655896563083e-05,
    8.502270247845445e-06,
    5.97095367993461e-06,
    -6.655517154285917e-06,
    5.4220336096477695e-06,
    4.917646037938539e-06,
    4.950145921611693e-06,
    4.68122470920207e-06,
    3.7173704185988754e-06
  ],
  "trace_estimate": 0.0004926987341605127
}