{
  "weight_l2_distance_from_init": 12.336786270141602,
  "final_train_loss": 5.527213424727506e-07
}