{
  "weight_l2_distance_from_init": 3.0309910774230957,
  "final_train_loss": 1.0167227636193044e-06
}