{
  "num_points": 50,
  "train_min": 0.014881976880133152,
  "train_max": 0.6935909986495972,
  "train_mean": 0.30317649245262146,
  "test_min": 0.014515182003378868,
  "test_max": 0.6952097415924072,
  "test_mean": 0.3029685914516449
}