{
  "num_points": 50,
  "train_min": 0.0004291628720238805,
  "train_max": 0.6421582102775574,
  "train_mean": 0.10209126770496368,
  "test_min": 0.0005370880244299769,
  "test_max": 0.6450842618942261,
  "test_mean": 0.10206163674592972
}