{
  "train_barrier": 0.37264636158943176,
  "test_barrier": 0.37533047795295715,
  "train_min": 9.767443407326937e-05,
  "train_max": 0.5188725590705872,
  "train_mean": 0.22477009892463684,
  "test_min": 0.00023278816661331803,
  "test_max": 0.5141679644584656,
  "test_mean": 0.22189398109912872
}