{
  "weight_l2_distance_from_init": 2.2371060848236084,
  "final_train_loss": 0.012247185688465834
}