{
  "eigenvalues": [
    0.0035205786116421223,
    0.0015528339426964521,
    0.0009526234352961183,
    0.0009523426415398717,
    0.00042167044011875987,
    0.00031406868947669864,
    0.00026146561140194535,
    0.00016603364201728255,
    0.00013750349171459675,
    0.00012403540313243866
  ],
  "trace_estimate": 0.014569192100316286
}