{
  "num_points": 50,
  "train_min": 0.0051117585971951485,
  "train_max": 0.37754401564598083,
  "train_mean": 0.046754371374845505,
  "test_min": 0.0026195815298706293,
  "test_max": 0.37289661169052124,
  "test_mean": 0.034569691866636276
}