{
  "eigenvalues": [
    0.03583265841007233,
    0.017906267195940018,
    0.008053489029407501,
    0.003717371728271246,
    0.003161069005727768,
    0.0013569776201620698,
    -0.0007766986964270473,
    0.0013419247698038816,
    0.0011868239380419254,
    0.001102151465602219
  ],
  "trace_estimate": 0.07232071179896593
}