{
  "train_barrier": 0.0006631420983467251,
  "test_barrier": 0.00044282537419348955,
  "train_min": 0.0003783807042054832,
  "train_max": 0.001143737812526524,
  "train_mean": 0.0007981185335665941,
  "test_min": 0.0004877838073298335,
  "test_max": 0.0009995527798309922,
  "test_mean": 0.0007580481469631195
}