{
  "eigenvalues": [
    0.6306792497634888,
    0.27532854676246643,
    0.23684194684028625,
    0.07363155484199524,
    0.06862778216600418,
    0.02967086061835289,
    -0.015200812369585037,
    -0.01232757605612278,
    0.0010828743688762188,
    -0.00922420434653759
  ],
  "trace_estimate": 2.0302271485328673
}