{
  "eigenvalues": [
    0.0030319299548864365,
    0.0016601035604253411,
    0.0006089389207772911,
    0.0006112589035183191,
    0.0002501378767192364,
    0.0002411375753581524,
    0.00016730205970816314,
    0.000150648585986346,
    9.502426837570965e-05,
    8.995432290248573e-05
  ],
  "trace_estimate": 0.012740935478359462
}