{
  "num_points": 50,
  "train_min": 0.39521530270576477,
  "train_max": 1.140371322631836,
  "train_mean": 0.5498401522636414,
  "test_min": 0.377441942691803,
  "test_max": 1.1198174953460693,
  "test_mean": 0.5201573967933655
}