{
  "num_points": 50,
  "train_min": 0.5130211710929871,
  "train_max": 10.73434829711914,
  "train_mean": 5.454354763031006,
  "test_min": 0.4999017119407654,
  "test_max": 11.142441749572754,
  "test_mean": 5.695962905883789
}