{
  "weight_l2_distance_from_init": 3.849724531173706,
  "final_train_loss": 0.029416421544738114
}