{
  "weight_l2_distance_from_init": 1.660162329673767,
  "final_train_loss": 0.0014520713848469313
}