{
  "train_barrier": 0.0,
  "test_barrier": 0.0,
  "train_min": 0.014582835137844086,
  "train_max": 0.02635297179222107,
  "train_mean": 0.01947801373898983,
  "test_min": 0.011685213074088097,
  "test_max": 0.024137696251273155,
  "test_mean": 0.01734991744160652
}