{
  "eigenvalues": [
    1.191925048828125,
    0.5583373308181763,
    0.3907414972782135,
    0.16698473691940308,
    0.12078608572483063,
    0.0396353043615818,
    0.035206012427806854,
    0.029950296506285667,
    0.01722997985780239,
    0.01523907482624054
  ],
  "trace_estimate": 3.47887362241745
}