{
  "eigenvalues": [
    0.3180995583534241,
    0.18220074474811554,
    0.11216749250888824,
    0.05245821177959442,
    0.00679513905197382,
    0.0018632413120940328,
    0.000279396481346339,
    -0.0001494126336183399,
    0.0004180552496109158,
    0.00029429804999381304
  ],
  "trace_estimate": 0.7356083214282989
}