{
  "num_points": 50,
  "train_min": 0.10328294336795807,
  "train_max": 1.1470510959625244,
  "train_mean": 0.3799474239349365,
  "test_min": 0.10068592429161072,
  "test_max": 1.1311299800872803,
  "test_mean": 0.38166722655296326
}