{
  "eigenvalues": [
    13.758844375610352,
    11.924177169799805,
    3.9915730953216553,
    1.371238112449646,
    0.7945607900619507,
    0.07041135430335999,
    0.05228312313556671,
    0.026744641363620758,
    -2.267211675643921e-05,
    0.003396353218704462
  ],
  "trace_estimate": 28.473268699645995
}