{
  "weight_l2_distance_from_init": 9.332087516784668,
  "final_train_loss": 0.008838257956085727
}