{
  "weight_l2_distance_from_init": 1.5033700466156006,
  "final_train_loss": 0.0032653956768626813
}