{
  "train_barrier": 0.039195239543914795,
  "test_barrier": 0.04971279203891754
}