{
  "eigenvalues": [
    0.21355217695236206,
    0.032359346747398376,
    0.024045430123806,
    0.004098566714674234,
    0.002886674366891384,
    0.0022513307631015778,
    0.0014499453827738762,
    -0.001107706455513835,
    0.0007788825896568596,
    0.0010138030629605055
  ],
  "trace_estimate": 0.24082294330000878
}