{
  "eigenvalues": [
    0.04725448787212372,
    0.018736429512500763,
    0.015044777654111385,
    0.005896569229662418,
    0.0048672594130039215,
    0.002756149508059025,
    0.0017404337413609028,
    0.002463497221469879,
    0.002363033825531602,
    0.0016712778015062213
  ],
  "trace_estimate": 0.19059563055634499
}