{
  "train_barrier": 0.3614759147167206,
  "test_barrier": 0.3514731079339981,
  "train_min": 0.0041174511425197124,
  "train_max": 0.6067149043083191,
  "train_mean": 0.2938346266746521,
  "test_min": 0.0036700284108519554,
  "test_max": 0.6001105904579163,
  "test_mean": 0.2923438847064972
}