{
  "train_barrier": 0.16093194484710693,
  "test_barrier": 0.14746350049972534,
  "train_min": 0.0017767742974683642,
  "train_max": 0.7966351509094238,
  "train_mean": 0.5221456289291382,
  "test_min": 0.0019475300796329975,
  "test_max": 0.7642662525177002,
  "test_mean": 0.5051501393318176
}