{
  "train_barrier": 0.01095205069941585,
  "test_barrier": 0.00972905769594945,
  "train_min": 1.1059445581551586e-09,
  "train_max": 0.010976694524288177,
  "train_mean": 0.0025138051714748144,
  "test_min": 8.69428902205982e-07,
  "test_max": 0.009833671152591705,
  "test_mean": 0.004320861306041479
}