{
  "eigenvalues": [
    0.1886228322982788,
    0.13089026510715485,
    0.10878691077232361,
    0.0270468071103096,
    0.02047048509120941,
    0.00435719033703208,
    0.002856208011507988,
    0.0025394305121153593,
    0.0014176903059706092,
    0.0014517829986289144
  ],
  "trace_estimate": 0.5990052565932273
}