{
  "train_barrier": 0.11572477221488953,
  "test_barrier": 0.11921492218971252
}