{
  "train_barrier": 0.3170849680900574,
  "test_barrier": 0.34093761444091797,
  "train_min": 0.14993450045585632,
  "train_max": 0.839229941368103,
  "train_mean": 0.5245643258094788,
  "test_min": 0.15135051310062408,
  "test_max": 0.890993595123291,
  "test_mean": 0.5504526495933533
}