{
  "num_points": 50,
  "train_min": 3.273658512625843e-05,
  "train_max": 0.9258820414543152,
  "train_mean": 0.03754140064120293,
  "test_min": 1.0941769232886145e-06,
  "test_max": 0.8699703216552734,
  "test_mean": 0.030558280646800995
}