{
  "weight_l2_distance_from_init": 12.196589469909668,
  "final_train_loss": 0.0005556996111408807
}