{
  "eigenvalues": [
    2.492854595184326,
    1.120844841003418,
    0.4945787489414215,
    0.21503446996212006,
    0.09902005642652512,
    0.09426971524953842,
    0.08737891912460327,
    0.08384930342435837,
    0.07290521264076233,
    0.07802814245223999
  ],
  "trace_estimate": 7.417996263504028
}