{
  "eigenvalues": [
    0.198717400431633,
    0.13339045643806458,
    0.015748348087072372,
    0.007297037169337273,
    0.004621153697371483,
    0.002491183578968048,
    0.001911298604682088,
    0.0017927048029378057,
    0.0014953053323552012,
    0.0010675450321286917
  ],
  "trace_estimate": 0.4189342737197876
}