{
  "train_barrier": 0.425949702039361,
  "test_barrier": 0.44860803335905075
}