{
  "weight_l2_distance_from_init": 3.484588146209717,
  "final_train_loss": 3.5962918101817287e-06
}