{
  "train_barrier": 0.0635858029127121,
  "test_barrier": 0.063950315117836,
  "train_min": 0.0012124930508434772,
  "train_max": 0.10770158469676971,
  "train_mean": 0.052879698574543,
  "test_min": 0.0013274827506393194,
  "test_max": 0.1075006052851677,
  "test_mean": 0.05263333022594452
}