{
  "num_points": 50,
  "train_min": 0.0007955884793773293,
  "train_max": 0.7351033687591553,
  "train_mean": 0.12933777272701263,
  "test_min": 0.0009074920089915395,
  "test_max": 0.7296108603477478,
  "test_mean": 0.12777383625507355
}