{
  "train_barrier": 0.04142419993877411,
  "test_barrier": 0.02893400564789772
}