{
  "train_barrier": 0.14301526360213757,
  "test_barrier": 0.14522566739469767,
  "train_min": 0.009024320170283318,
  "train_max": 0.15570068359375,
  "train_mean": 0.06461238116025925,
  "test_min": 0.006941957399249077,
  "test_max": 0.15431880950927734,
  "test_mean": 0.06298843026161194
}