{
  "eigenvalues": [
    0.2603656053543091,
    0.13467301428318024,
    0.08066484332084656,
    0.036287821829319,
    0.0037224593106657267,
    0.0015551287215203047,
    0.0003306481521576643,
    0.00030705606332048774,
    0.0001624089782126248,
    0.00034319274709559977
  ],
  "trace_estimate": 0.5203168630599976
}