{
  "train_barrier": 0.0,
  "test_barrier": 0.0,
  "train_min": 0.0053451103158295155,
  "train_max": 0.007324818056076765,
  "train_mean": 0.006311262026429176,
  "test_min": 0.0036879442632198334,
  "test_max": 0.006321401335299015,
  "test_mean": 0.0044749220833182335
}