{
  "weight_l2_distance_from_init": 1.4773632287979126,
  "final_train_loss": 1.7271103558869072e-05
}