{
  "train_barrier": 0.009406421333551407,
  "test_barrier": 0.007646601647138596
}