{
  "weight_l2_distance_from_init": 2.3825161457061768,
  "final_train_loss": 0.0012157912569819018
}