{
  "train_barrier": 0.377616211771965,
  "test_barrier": 0.36885686218738556
}