{
  "eigenvalues": [
    0.1923389732837677,
    0.1010870635509491,
    0.04906412959098816,
    0.023107042536139488,
    0.002112012356519699,
    0.0017864329274743795,
    8.680424798512831e-05,
    0.0002718288451433182,
    0.00015040385187603533,
    -1.8830394765245728e-05
  ],
  "trace_estimate": 0.3859100371599197
}