{
  "eigenvalues": [
    0.1601632684469223,
    0.10463926196098328,
    0.04025164246559143,
    0.01706128567457199,
    0.0139121413230896,
    0.0118425153195858,
    0.009977223351597786,
    0.006433449219912291,
    0.0069211507216095924,
    0.00579981692135334
  ],
  "trace_estimate": 0.6897455960512161
}