{
  "num_points": 50,
  "train_min": 0.006532176863402128,
  "train_max": 1.0966368913650513,
  "train_mean": 0.07362260669469833,
  "test_min": 0.008441966027021408,
  "test_max": 1.0810354948043823,
  "test_mean": 0.07556036859750748
}