{
  "weight_l2_distance_from_init": 1.8460640907287598,
  "final_train_loss": 0.004704565957581508
}