{
  "weight_l2_distance_from_init": 1.8293328285217285,
  "final_train_loss": 0.004296799422263575
}