{
  "num_points": 50,
  "train_min": 5.660301030729897e-05,
  "train_max": 0.7974395155906677,
  "train_mean": 0.12384407222270966,
  "test_min": 0.00012930900265928358,
  "test_max": 2.598141670227051,
  "test_mean": 0.6608213186264038
}