{
  "train_barrier": 0.5009702742099762,
  "test_barrier": 0.5017265528440475,
  "train_min": 0.0023438818752765656,
  "train_max": 0.6359272003173828,
  "train_mean": 0.2829948663711548,
  "test_min": 0.0013494105078279972,
  "test_max": 0.6422728896141052,
  "test_mean": 0.28819307684898376
}