{
  "num_points": 50,
  "train_min": 0.0,
  "train_max": 0.5652220249176025,
  "train_mean": 0.01455490943044424,
  "test_min": 0.0,
  "test_max": 0.5590640306472778,
  "test_mean": 0.014282974414527416
}