{
  "num_points": 50,
  "train_min": 0.09445211291313171,
  "train_max": 0.7201467156410217,
  "train_mean": 0.40481501817703247,
  "test_min": 0.09678056836128235,
  "test_max": 0.7376119494438171,
  "test_mean": 0.4151249825954437
}