{
  "train_barrier": 0.0,
  "test_barrier": 0.0,
  "train_min": 0.0003947159566450864,
  "train_max": 0.006261260714381933,
  "train_mean": 0.0018048497149720788,
  "test_min": 0.0005458464729599655,
  "test_max": 0.015795346349477768,
  "test_mean": 0.003563061822205782
}