{
  "num_points": 50,
  "train_min": 0.08706381171941757,
  "train_max": 4.364748954772949,
  "train_mean": 1.1982172727584839,
  "test_min": 0.08924345672130585,
  "test_max": 3.2660984992980957,
  "test_mean": 0.9400527477264404
}