{
  "train_barrier": 0.12813855148851871,
  "test_barrier": 0.13112792000174522,
  "train_min": 0.003777863457798958,
  "train_max": 0.15913541615009308,
  "train_mean": 0.05807092785835266,
  "test_min": 0.004556464496999979,
  "test_max": 0.16271033883094788,
  "test_mean": 0.05870772525668144
}