{
  "train_barrier": 0.02783292531967163,
  "test_barrier": 0.021474063396453857
}