{
  "num_points": 50,
  "train_min": 0.0037353027146309614,
  "train_max": 828.6832275390625,
  "train_mean": 187.35736083984375,
  "test_min": 0.0011412837775424123,
  "test_max": 784.7313842773438,
  "test_mean": 177.41641235351562
}