{
  "num_points": 50,
  "train_min": 0.03415649011731148,
  "train_max": 0.6856521964073181,
  "train_mean": 0.22553326189517975,
  "test_min": 0.0365234799683094,
  "test_max": 0.6882588863372803,
  "test_mean": 0.22540849447250366
}