{
  "weight_l2_distance_from_init": 1.6610394716262817,
  "final_train_loss": 0.004103490098714246
}