{
  "train_barrier": 0.306286096572876,
  "test_barrier": 0.295632541179657,
  "train_min": 0.009242082014679909,
  "train_max": 0.6381367444992065,
  "train_mean": 0.34033459424972534,
  "test_min": 0.00980514194816351,
  "test_max": 0.6271007657051086,
  "test_mean": 0.33784833550453186
}