{
  "eigenvalues": [
    2.8566770553588867,
    2.2982349395751953,
    0.41771233081817627,
    0.353303462266922,
    0.1708693504333496,
    0.10871763527393341,
    0.05380849167704582,
    0.044039249420166016,
    0.046089932322502136,
    0.0417596660554409
  ],
  "trace_estimate": 9.902188158035278
}