{
  "weight_l2_distance_from_init": 2.1349895000457764,
  "final_train_loss": 0.000570929107198026
}