{
  "weight_l2_distance_from_init": 3.344520092010498,
  "final_train_loss": 0.004743859157315455
}