{
  "eigenvalues": [
    0.1378123164176941,
    0.09482788294553757,
    0.01838303916156292,
    0.0055778129026293755,
    0.003276656847447157,
    0.0022993264719843864,
    0.001912369392812252,
    0.0017518580425530672,
    0.0007240130798891187,
    0.000728303799405694
  ],
  "trace_estimate": 0.2537452854216099
}