{
  "weight_l2_distance_from_init": 3.0179741382598877,
  "final_train_loss": 0.35673514753580093
}