{
  "num_points": 50,
  "train_min": 2.328305881427184e-10,
  "train_max": 0.4388808012008667,
  "train_mean": 0.013776583597064018,
  "test_min": 7.916225897020013e-09,
  "test_max": 0.4595274031162262,
  "test_mean": 0.01432894729077816
}