{
  "num_points": 50,
  "train_min": 0.00403751851990819,
  "train_max": 564.9475708007812,
  "train_mean": 107.122314453125,
  "test_min": 0.004649814683943987,
  "test_max": 604.6004638671875,
  "test_mean": 113.04156494140625
}