{
  "num_points": 50,
  "train_min": 0.0,
  "train_max": 0.9162028431892395,
  "train_mean": 0.025728421285748482,
  "test_min": 0.0,
  "test_max": 0.9101574420928955,
  "test_mean": 0.025502929463982582
}