{
  "train_barrier": 0.0,
  "test_barrier": 0.0,
  "train_min": 0.004108441062271595,
  "train_max": 0.018846819177269936,
  "train_mean": 0.006095701828598976,
  "test_min": 0.003801673650741577,
  "test_max": 0.02748289331793785,
  "test_mean": 0.00865610595792532
}