{
  "train_barrier": 0.0,
  "test_barrier": 0.0002925749868154526,
  "train_min": 0.00420196121558547,
  "train_max": 0.00562650803476572,
  "train_mean": 0.004798929672688246,
  "test_min": 0.0019286356400698423,
  "test_max": 0.005385454744100571,
  "test_mean": 0.003493592608720064
}