{
  "eigenvalues": [
    1.9512298107147217,
    1.6752755641937256,
    1.4563076496124268,
    -0.05612204223871231,
    -0.007598551921546459,
    -0.034370340406894684,
    -0.03125530481338501,
    -0.02640495076775551,
    -0.02664509229362011,
    -0.021341867744922638
  ],
  "trace_estimate": 4.350450241565705
}