{
  "train_barrier": 0.031793542206287384,
  "test_barrier": 0.03263254836201668,
  "train_min": 0.007339355535805225,
  "train_max": 0.04225015267729759,
  "train_mean": 0.020544834434986115,
  "test_min": 0.005663084797561169,
  "test_max": 0.04210369661450386,
  "test_mean": 0.018937982618808746
}