{
  "train_barrier": 0.013318896293640137,
  "test_barrier": 0.01416255533695221
}