{
  "eigenvalues": [
    21.11355209350586,
    16.963233947753906,
    2.3353500366210938,
    1.4498836994171143,
    0.5118237733840942,
    0.33946704864501953,
    0.19717241823673248,
    0.10876891762018204,
    0.08508408814668655,
    0.06814899295568466
  ],
  "trace_estimate": 49.54660549163818
}