{
  "eigenvalues": [
    0.08700230717658997,
    0.021593749523162842,
    0.019437406212091446,
    0.015825696289539337,
    0.006633884273469448,
    0.004263937473297119,
    0.003930049017071724,
    0.0025523463264107704,
    0.0027168176602572203,
    0.002165429759770632
  ],
  "trace_estimate": 0.28003201484680174
}