{
  "train_barrier": 1.3081796169281006,
  "test_barrier": 1.3242241144180298
}