{
  "train_barrier": 0.0,
  "test_barrier": 0.0,
  "train_min": 0.0036759586073458195,
  "train_max": 0.012165218591690063,
  "train_mean": 0.005032136105000973,
  "test_min": 0.0022801614832133055,
  "test_max": 0.013813476078212261,
  "test_mean": 0.003955672960728407
}