{
  "eigenvalues": [
    0.20481352508068085,
    0.07735422998666763,
    0.019219987094402313,
    0.008776677772402763,
    0.004377753473818302,
    0.0008411419112235308,
    -0.0004092470044270158,
    0.0009682396776042879,
    -0.0008768672123551369,
    0.0012090851087123156
  ],
  "trace_estimate": 0.34127319827675817
}