{
  "eigenvalues": [
    0.36771005392074585,
    0.12502333521842957,
    0.11910223960876465,
    0.05674044042825699,
    0.01630490832030773,
    -0.0002988637425005436,
    0.006308697164058685,
    0.005863153375685215,
    0.0004400038451422006,
    0.004580381326377392
  ],
  "trace_estimate": 0.6252028077840805
}