{
  "weight_l2_distance_from_init": 14.551595687866211,
  "final_train_loss": 0.0026199006315437146
}