{
  "eigenvalues": [
    0.5080685615539551,
    0.2724122703075409,
    0.08754520863294601,
    0.02655627951025963,
    0.010764479637145996,
    0.008904041722416878,
    0.007870245724916458,
    0.005418115761131048,
    -0.0034053470008075237,
    0.0024613789282739162
  ],
  "trace_estimate": 0.8519393742084503
}