{
  "num_points": 50,
  "train_min": 0.07880795001983643,
  "train_max": 105.74468994140625,
  "train_mean": 22.236833572387695,
  "test_min": 0.08354654163122177,
  "test_max": 101.01689147949219,
  "test_mean": 21.119077682495117
}