{
  "eigenvalues": [
    0.05181986093521118,
    0.01807691901922226,
    0.016302291303873062,
    0.005776539444923401,
    0.0033631797414273024,
    0.0019835163839161396,
    0.0017632644157856703,
    0.0011756948661059141,
    0.0003167237446177751,
    0.00038574542850255966
  ],
  "trace_estimate": 0.13860896304249765
}