{
  "train_barrier": 0.09271758794784546,
  "test_barrier": 0.08664536476135254
}