{
  "weight_l2_distance_from_init": 8.177131652832031,
  "final_train_loss": 0.0006073507174733095
}