{
  "train_barrier": 0.054353502579033375,
  "test_barrier": 0.06177857890725136,
  "train_min": 0.009101624600589275,
  "train_max": 0.06601287424564362,
  "train_mean": 0.029353614896535873,
  "test_min": 0.007465462200343609,
  "test_max": 0.0713294968008995,
  "test_mean": 0.030381083488464355
}