{
  "weight_l2_distance_from_init": 1.3256667852401733,
  "final_train_loss": 0.00026312861882615834
}