{
  "train_barrier": 0.43263889849185944,
  "test_barrier": 0.4327833354473114,
  "train_min": 0.0031109873671084642,
  "train_max": 0.628640353679657,
  "train_mean": 0.2847616970539093,
  "test_min": 0.0018879348644986749,
  "test_max": 0.6348270177841187,
  "test_mean": 0.2895042300224304
}