{
  "eigenvalues": [
    0.7465783357620239,
    0.5697070360183716,
    0.20622438192367554,
    -0.049411844462156296,
    0.01933136209845543,
    -0.0439283587038517,
    -0.019961170852184296,
    -0.02191845141351223,
    0.02417370304465294,
    0.025769054889678955
  ],
  "trace_estimate": 1.3390078961849212
}