{
  "num_points": 50,
  "train_min": 0.5246278643608093,
  "train_max": 3.2734947204589844,
  "train_mean": 1.8018170595169067,
  "test_min": 0.5223209857940674,
  "test_max": 3.237672805786133,
  "test_mean": 1.7765488624572754
}