{
  "eigenvalues": [
    0.00982488039880991,
    0.006637330632656813,
    0.003661485854536295,
    0.0002826379786711186,
    0.0002461149706505239,
    0.0003004503669217229,
    0.00022916667512618005,
    0.000280782172922045,
    0.0002485823933966458,
    0.0002674262213986367
  ],
  "trace_estimate": 0.029421677812933922
}