{
  "weight_l2_distance_from_init": 3.0403594970703125,
  "final_train_loss": 0.006746857106918469
}