{
  "num_points": 50,
  "train_min": 0.0,
  "train_max": 1.1265054941177368,
  "train_mean": 0.02286580763757229,
  "test_min": 0.0,
  "test_max": 1.1287801265716553,
  "test_mean": 0.02293977700173855
}