{
  "num_points": 50,
  "train_min": 0.5535665154457092,
  "train_max": 0.9673177003860474,
  "train_mean": 0.8041729927062988,
  "test_min": 0.5513302683830261,
  "test_max": 0.9579719305038452,
  "test_mean": 0.7919237613677979
}