{
  "eigenvalues": [
    0.03981313854455948,
    0.03317441791296005,
    0.026008155196905136,
    0.0023524712305516005,
    0.001969971926882863,
    0.0013254433870315552,
    0.0022299212869256735,
    0.0026576989330351353,
    0.0022977651096880436,
    0.002497167559340596
  ],
  "trace_estimate": 0.21574598997831346
}