{
  "weight_l2_distance_from_init": 0.9830417633056641,
  "final_train_loss": 5.239131306211675e-05
}