{
  "eigenvalues": [
    6.868852138519287,
    3.4892916679382324,
    2.34584379196167,
    0.9314666986465454,
    0.6879013776779175,
    0.20989763736724854,
    0.17306187748908997,
    0.09420313686132431,
    0.0871025025844574,
    0.04928192123770714
  ],
  "trace_estimate": 12.110304594039917
}