{
  "weight_l2_distance_from_init": 7.690848350524902,
  "final_train_loss": 0.007324194317334332
}