{
  "train_barrier": 0.2361527681350708,
  "test_barrier": 0.2207409143447876
}