{
  "eigenvalues": [
    0.5267924666404724,
    0.4588660001754761,
    0.10526108741760254,
    0.05102411285042763,
    0.013169352896511555,
    0.009961234405636787,
    0.0039983028545975685,
    0.0019016829319298267,
    0.0003845884639304131,
    0.000645211199298501
  ],
  "trace_estimate": 1.2630130246281623
}