{
  "num_points": 50,
  "train_min": 0.061405617743730545,
  "train_max": 19.22833251953125,
  "train_mean": 1.9956952333450317,
  "test_min": 0.06723752617835999,
  "test_max": 23.89899253845215,
  "test_mean": 2.423219680786133
}