{
  "num_points": 50,
  "train_min": 8.440307283308357e-05,
  "train_max": 0.8926026821136475,
  "train_mean": 0.2228473722934723,
  "test_min": 0.0,
  "test_max": 0.9003380537033081,
  "test_mean": 0.018976323306560516
}