{
  "train_barrier": 0.0,
  "test_barrier": 0.0004091851878911257,
  "train_min": 0.0003338612150400877,
  "train_max": 0.0005287594394758344,
  "train_mean": 0.0003784748259931803,
  "test_min": 0.0005343708326108754,
  "test_max": 0.0013942319201305509,
  "test_mean": 0.0008399765356443822
}