{
  "eigenvalues": [
    7.811267278157175e-05,
    3.3736665500327945e-05,
    1.14521453724592e-05,
    3.3195460673596244e-06,
    2.112250285790651e-06,
    -1.8630689169185644e-07,
    3.3475834015916917e-07,
    -3.9674705476500094e-07,
    2.0318380222761334e-07,
    5.668733820130001e-07
  ],
  "trace_estimate": 0.000128432451037952
}