{
  "num_points": 50,
  "train_min": 4.07453543127545e-10,
  "train_max": 0.5099897980690002,
  "train_mean": 0.028969455510377884,
  "test_min": 1.6298138394432726e-09,
  "test_max": 0.5139557123184204,
  "test_mean": 0.029050126671791077
}