{
  "train_barrier": 0.1987033486366272,
  "test_barrier": 0.2132183015346527,
  "train_min": 5.527213033929002e-07,
  "train_max": 0.7044702768325806,
  "train_mean": 0.4153288006782532,
  "test_min": 2.3752420474920655e-06,
  "test_max": 0.6709022521972656,
  "test_mean": 0.40150901675224304
}