{
  "train_barrier": 0.8033473491668701,
  "test_barrier": 0.8430910110473633,
  "train_min": 0.020356103777885437,
  "train_max": 2.1696619987487793,
  "train_mean": 1.2043722867965698,
  "test_min": 0.020994532853364944,
  "test_max": 2.224158763885498,
  "test_mean": 1.2275995016098022
}