{
  "train_barrier": 0.2584148049354553,
  "test_barrier": 0.2682787775993347,
  "train_min": 0.0,
  "train_max": 0.2584148049354553,
  "train_mean": 0.02530924789607525,
  "test_min": 0.0,
  "test_max": 0.2682787775993347,
  "test_mean": 0.02647695317864418
}