{
  "train_barrier": 0.3518081307411194,
  "test_barrier": 0.34593507647514343,
  "train_min": 0.003931686747819185,
  "train_max": 0.6011368036270142,
  "train_mean": 0.2941220998764038,
  "test_min": 0.0029199407435953617,
  "test_max": 0.6001282334327698,
  "test_mean": 0.296079158782959
}