{
  "weight_l2_distance_from_init": 0.9815861582756042,
  "final_train_loss": 5.383912562706428e-05
}