{
  "weight_l2_distance_from_init": 1.420737624168396,
  "final_train_loss": 0.0002164031643587805
}