{
  "train_barrier": 0.0,
  "test_barrier": 0.0,
  "train_min": 0.00539826788008213,
  "train_max": 0.014113041572272778,
  "train_mean": 0.006895898375660181,
  "test_min": 0.0037768366746604443,
  "test_max": 0.011467822827398777,
  "test_mean": 0.00480140745639801
}