{
  "train_barrier": 0.002168319537304342,
  "test_barrier": 0.0021032326912973076,
  "train_min": 2.4779237719485536e-06,
  "train_max": 0.0024952837266027927,
  "train_mean": 0.000923709012567997,
  "test_min": 1.6943242371780798e-05,
  "test_max": 0.002540759276598692,
  "test_mean": 0.0009924796177074313
}