{
  "weight_l2_distance_from_init": 7.386887550354004,
  "final_train_loss": 9.89527292105663e-07
}