{
  "num_points": 50,
  "train_min": 0.32754066586494446,
  "train_max": 22.43780517578125,
  "train_mean": 3.2724480628967285,
  "test_min": 0.18003123998641968,
  "test_max": 20.57110595703125,
  "test_mean": 2.880699396133423
}