{
  "eigenvalues": [
    0.808260440826416,
    0.29916295409202576,
    0.16873568296432495,
    0.022248975932598114,
    0.007714507635682821,
    0.006246356293559074,
    0.005529539659619331,
    0.0052641695365309715,
    0.004629773087799549,
    0.004396282136440277
  ],
  "trace_estimate": 1.5350874602794646
}