{
  "weight_l2_distance_from_init": 1.2316886186599731,
  "final_train_loss": 0.0041174508769472595
}