{
  "weight_l2_distance_from_init": 24.972230911254883,
  "final_train_loss": 7.747438530714135e-07
}