{
  "train_barrier": 0.06015363335609436,
  "test_barrier": 0.05882054567337036
}