{
  "eigenvalues": [
    0.21381162106990814,
    0.11032717674970627,
    0.10724494606256485,
    0.012912355363368988,
    0.011755712330341339,
    0.0072585963644087315,
    0.00686804112046957,
    0.005425835028290749,
    0.005273917689919472,
    0.0048005967400968075
  ],
  "trace_estimate": 0.6886359483003617
}