{
  "train_barrier": 0.04964923858642578,
  "test_barrier": 0.04635274410247803,
  "train_min": 0.008599909953773022,
  "train_max": 0.2394450306892395,
  "train_mean": 0.14889630675315857,
  "test_min": 0.008235103450715542,
  "test_max": 0.2356622815132141,
  "test_mean": 0.1431124210357666
}