{
  "train_barrier": 0.1411846987903118,
  "test_barrier": 0.14890311658382416,
  "train_min": 0.002997342497110367,
  "train_max": 0.1723979264497757,
  "train_mean": 0.06987526267766953,
  "test_min": 0.0021639810875058174,
  "test_max": 0.18094107508659363,
  "test_mean": 0.0722588375210762
}