{
  "train_barrier": 0.31092071533203125,
  "test_barrier": 0.31980273127555847,
  "train_min": 0.008405298925936222,
  "train_max": 0.6725339889526367,
  "train_mean": 0.37090736627578735,
  "test_min": 0.006940457504242659,
  "test_max": 0.690545916557312,
  "test_mean": 0.38124674558639526
}