{
  "weight_l2_distance_from_init": 2.0373904705047607,
  "final_train_loss": 0.0030299162754090503
}