{
  "eigenvalues": [
    0.13854146003723145,
    0.036053456366062164,
    0.004805395379662514,
    0.002748985541984439,
    0.0024397752713412046,
    0.0018706987611949444,
    0.0010775659466162324,
    0.00025131599977612495,
    0.0007023485377430916,
    -4.3251591705484316e-05
  ],
  "trace_estimate": 0.24623120054602624
}