{
  "num_points": 50,
  "train_min": 0.0048872241750359535,
  "train_max": 1.1235510110855103,
  "train_mean": 0.05117880925536156,
  "test_min": 0.004986901301890612,
  "test_max": 1.1310970783233643,
  "test_mean": 0.055088236927986145
}