{
  "eigenvalues": [
    0.04105164855718613,
    0.01873902417719364,
    0.017559966072440147,
    0.0021966039203107357,
    0.0021159928292036057,
    0.00208943709731102,
    0.0020647989585995674,
    0.0020008222199976444,
    0.0019204006530344486,
    0.001967337913811207
  ],
  "trace_estimate": 0.23458417654037475
}