{
  "weight_l2_distance_from_init": 2.572873115539551,
  "final_train_loss": 0.005223826359724626
}