{
  "train_barrier": 0.0014066529442970932,
  "test_barrier": 0.00136677875048008,
  "train_min": 7.747438530714135e-07,
  "train_max": 0.0014134879456833005,
  "train_mean": 0.00016999916988424957,
  "test_min": 7.753259296805481e-07,
  "test_max": 0.001369908219203353,
  "test_mean": 0.00016245509323198348
}