{
  "train_barrier": 0.0,
  "test_barrier": 0.0,
  "train_min": 0.032702501863241196,
  "train_max": 0.24425575137138367,
  "train_mean": 0.07636646181344986,
  "test_min": 0.03161073103547096,
  "test_max": 0.23023246228694916,
  "test_mean": 0.07103404402732849
}