{
  "eigenvalues": [
    2.043710231781006,
    1.8975632190704346,
    1.5025339126586914,
    -0.07105518877506256,
    -0.051691122353076935,
    -0.051987893879413605,
    -0.046986762434244156,
    -0.04294629767537117,
    -0.03752627968788147,
    -0.038399677723646164
  ],
  "trace_estimate": 4.1988600730896
}