{
  "train_barrier": 0.5364916995167732,
  "test_barrier": 0.5337707549333572,
  "train_min": 0.0021347866859287024,
  "train_max": 0.6392387747764587,
  "train_mean": 0.2531531751155853,
  "test_min": 0.0013265504967421293,
  "test_max": 0.6409735679626465,
  "test_mean": 0.25603654980659485
}