{
  "train_barrier": 0.0,
  "test_barrier": 0.0,
  "train_min": 2.8232614113221643e-06,
  "train_max": 1.575147032737732,
  "train_mean": 0.5830357074737549,
  "test_min": 2.7876491003553383e-05,
  "test_max": 1.5070855617523193,
  "test_mean": 0.5633756518363953
}