{
  "train_barrier": 0.002246396616101265,
  "test_barrier": 0.0022032391279935837,
  "train_min": 0.0006630631978623569,
  "train_max": 0.005240997765213251,
  "train_mean": 0.003393747378140688,
  "test_min": 0.0007346150232478976,
  "test_max": 0.005305771715939045,
  "test_mean": 0.0034849687945097685
}