{
  "weight_l2_distance_from_init": 11.971139907836914,
  "final_train_loss": 1.1227306259797842e-05
}