{
  "num_points": 50,
  "train_min": 0.12956315279006958,
  "train_max": 1.140371322631836,
  "train_mean": 0.43136540055274963,
  "test_min": 0.13758791983127594,
  "test_max": 1.1198174953460693,
  "test_mean": 0.43810543417930603
}