{
  "weight_l2_distance_from_init": 15.009214401245117,
  "final_train_loss": 0.002094875744660385
}