{
  "train_barrier": 0.008646726608276367,
  "test_barrier": 0.02150726318359375,
  "train_min": 0.0013083271915093064,
  "train_max": 1.5371813774108887,
  "train_mean": 0.7644569873809814,
  "test_min": 0.001505047781392932,
  "test_max": 1.4462990760803223,
  "test_mean": 0.7443645000457764
}