{
  "num_points": 50,
  "train_min": 0.0,
  "train_max": 0.7974395155906677,
  "train_mean": 0.019888879731297493,
  "test_min": 0.0,
  "test_max": 0.7674686312675476,
  "test_mean": 0.019200822338461876
}