{
  "train_barrier": 0.002144429139015358,
  "test_barrier": 0.0038809060933431283,
  "train_min": 0.0,
  "train_max": 0.00214451365172863,
  "train_mean": 0.00036864037974737585,
  "test_min": 0.0,
  "test_max": 0.003881732700392604,
  "test_mean": 0.001120622968301177
}