{
  "weight_l2_distance_from_init": 1.2091425657272339,
  "final_train_loss": 0.005519226411706768
}