{
  "weight_l2_distance_from_init": 6.816734313964844,
  "final_train_loss": 2.872914579565844e-07
}