{
  "weight_l2_distance_from_init": 8.951653480529785,
  "final_train_loss": 0.005316892915288918
}