{
  "weight_l2_distance_from_init": 6.588479042053223,
  "final_train_loss": 0.003090055673965253
}