{
  "eigenvalues": [
    15.383707046508789,
    13.639719009399414,
    4.8788533210754395,
    1.808000922203064,
    0.9442185163497925,
    0.13547483086585999,
    0.05071539431810379,
    -0.02210354432463646,
    0.041346073150634766,
    0.03257456421852112
  ],
  "trace_estimate": 37.07952566146851
}