{
  "num_points": 50,
  "train_min": 0.0033630088437348604,
  "train_max": 0.5134473443031311,
  "train_mean": 0.030947284772992134,
  "test_min": 2.2436399376601912e-05,
  "test_max": 0.5216052532196045,
  "test_mean": 0.017868172377347946
}