{
  "weight_l2_distance_from_init": 3.527362585067749,
  "final_train_loss": 0.0045210064336060896
}