{
  "train_barrier": 0.7213173508644104,
  "test_barrier": 0.715271532535553,
  "train_min": 4.2991652549062565e-07,
  "train_max": 1.055916666984558,
  "train_mean": 0.6239228844642639,
  "test_min": 9.262049388780724e-06,
  "test_max": 1.0304111242294312,
  "test_mean": 0.6019965410232544
}