{
  "eigenvalues": [
    1.906675934791565,
    1.9599206447601318,
    1.4814047813415527,
    -0.0428101122379303,
    -0.0416022464632988,
    -0.04085614159703255,
    -0.034958094358444214,
    -0.031254954636096954,
    -0.030281564220786095,
    -0.029631733894348145
  ],
  "trace_estimate": 3.7413111567497253
}