{
  "num_points": 50,
  "train_min": 0.005129658617079258,
  "train_max": 0.49249958992004395,
  "train_mean": 0.06455289572477341,
  "test_min": 0.0009303835104219615,
  "test_max": 0.49158528447151184,
  "test_mean": 0.062227532267570496
}