{
  "weight_l2_distance_from_init": 6.846779823303223,
  "final_train_loss": 0.00038759245217079297
}