{
  "weight_l2_distance_from_init": 1.6037797927856445,
  "final_train_loss": 0.0011386923579266295
}