{
  "train_barrier": 0.5230960510671139,
  "test_barrier": 0.5213232114911079,
  "train_min": 0.002343881642445922,
  "train_max": 0.5812984704971313,
  "train_mean": 0.22711427509784698,
  "test_min": 0.0013494105078279972,
  "test_max": 0.5818873643875122,
  "test_mean": 0.22997614741325378
}