{
  "num_points": 50,
  "train_min": 0.0,
  "train_max": 0.6249603629112244,
  "train_mean": 0.013971763662993908,
  "test_min": 0.0,
  "test_max": 0.6143574714660645,
  "test_mean": 0.013731468468904495
}