{
  "num_points": 50,
  "train_min": 0.004966858774423599,
  "train_max": 0.5390245318412781,
  "train_mean": 0.0728151872754097,
  "test_min": 0.0013655370566993952,
  "test_max": 0.5398846864700317,
  "test_mean": 0.0709281712770462
}