{
  "eigenvalues": [
    0.09022417664527893,
    0.017553402110934258,
    0.012266289442777634,
    0.008789246901869774,
    0.002924405038356781,
    0.002458315808326006,
    0.0010816713329404593,
    0.0009884817991405725,
    0.0008172185625880957,
    3.0919447453925386e-05
  ],
  "trace_estimate": 0.09756588619202375
}