{
  "weight_l2_distance_from_init": 2.8330063819885254,
  "final_train_loss": 0.002484433862264268
}