{
  "num_points": 50,
  "train_min": 0.03787977248430252,
  "train_max": 2.8917486667633057,
  "train_mean": 1.2418307065963745,
  "test_min": 0.032347384840250015,
  "test_max": 2.7587499618530273,
  "test_mean": 1.1702102422714233
}