{
  "train_barrier": 0.018230438232421875,
  "test_barrier": 0.017472147941589355,
  "train_min": 4.131277364649577e-06,
  "train_max": 1.1242554187774658,
  "train_mean": 0.4285951554775238,
  "test_min": 3.7743389839306474e-05,
  "test_max": 1.0751304626464844,
  "test_mean": 0.40056902170181274
}