{
  "weight_l2_distance_from_init": 1.503461241722107,
  "final_train_loss": 0.0002892793604587496
}