{
  "eigenvalues": [
    0.026242129504680634,
    0.015135347843170166,
    0.005194178782403469,
    0.0015229005366563797,
    -0.0002452117914799601,
    -0.0008190246298909187,
    -4.879792686551809e-05,
    -0.0008182906894944608,
    0.0001224776788149029,
    -0.0006847007316537201
  ],
  "trace_estimate": 0.06964298896491528
}