{
  "weight_l2_distance_from_init": 3.553065538406372,
  "final_train_loss": 0.023743491154164076
}