{
  "weight_l2_distance_from_init": 3.7862584590911865,
  "final_train_loss": 0.00410844095677021
}