{
  "num_points": 50,
  "train_min": 0.1511506885290146,
  "train_max": 0.6723710298538208,
  "train_mean": 0.26164209842681885,
  "test_min": 0.1718124896287918,
  "test_max": 0.6780390739440918,
  "test_mean": 0.2807929515838623
}