{
  "train_barrier": 0.0,
  "test_barrier": 0.0,
  "train_min": 0.02378591150045395,
  "train_max": 0.2589523494243622,
  "train_mean": 0.12809965014457703,
  "test_min": 0.02343887649476528,
  "test_max": 0.24474984407424927,
  "test_mean": 0.1222376674413681
}