{
  "num_points": 50,
  "train_min": 0.028868116438388824,
  "train_max": 0.7941492199897766,
  "train_mean": 0.3299654424190521,
  "test_min": 0.023414714261889458,
  "test_max": 0.8333616852760315,
  "test_mean": 0.3426208198070526
}