{
  "train_barrier": 0.2233496755361557,
  "test_barrier": 0.22078495472669601,
  "train_min": 0.005779069382697344,
  "train_max": 0.31478172540664673,
  "train_mean": 0.1371859610080719,
  "test_min": 0.0032961040269583464,
  "test_max": 0.31237727403640747,
  "test_mean": 0.13705018162727356
}