{
  "eigenvalues": [
    0.0014163864543661475,
    0.0006445659091696143,
    0.000309674593154341,
    0.00012577063171193004,
    8.404492837144062e-05,
    3.7241952668409795e-05,
    -3.4730204788502306e-05,
    2.5470752007095143e-05,
    2.2600768716074526e-05,
    1.4627158861912903e-06
  ],
  "trace_estimate": 0.0017167425830848515
}