{
  "train_barrier": 0.005886228718736675,
  "test_barrier": 0.006255478187085828,
  "train_min": 3.4826682622224325e-06,
  "train_max": 0.005946125835180283,
  "train_mean": 0.0013250720221549273,
  "test_min": 3.775301593123004e-06,
  "test_max": 0.006305539049208164,
  "test_mean": 0.0014045884599909186
}