{
  "weight_l2_distance_from_init": 3.8881876468658447,
  "final_train_loss": 0.003675958486610398
}