{
  "eigenvalues": [
    0.04843994975090027,
    0.025750622153282166,
    0.011982274241745472,
    0.00519626634195447,
    0.0036711208522319794,
    0.0007847038214094937,
    0.00012687804701272398,
    -6.76450872560963e-05,
    0.0004140106029808521,
    0.0005429438315331936
  ],
  "trace_estimate": 0.05358308283612132
}