{
  "eigenvalues": [
    0.3453332483768463,
    0.1557054966688156,
    0.1070258617401123,
    0.036977618932724,
    0.003711676225066185,
    -0.00023441865050699562,
    -8.390509174205363e-05,
    -4.080437065567821e-05,
    8.467783482046798e-05,
    0.00042723503429442644
  ],
  "trace_estimate": 0.6922424912452698
}