{
  "train_barrier": 0.0005073328502476215,
  "test_barrier": 0.0,
  "train_min": 0.004750573076307774,
  "train_max": 0.005852443166077137,
  "train_mean": 0.005398045759648085,
  "test_min": 0.0034927779342979193,
  "test_max": 0.0051540471613407135,
  "test_mean": 0.003963977564126253
}