{
  "train_barrier": 0.05925336107611656,
  "test_barrier": 0.058781249448657036,
  "train_min": 0.0004681938444264233,
  "train_max": 0.08905723690986633,
  "train_mean": 0.041998833417892456,
  "test_min": 0.0006048553623259068,
  "test_max": 0.0870286375284195,
  "test_mean": 0.040805816650390625
}