{
  "num_points": 50,
  "train_min": 0.001775102922692895,
  "train_max": 0.7351033687591553,
  "train_mean": 0.15280604362487793,
  "test_min": 0.002035587327554822,
  "test_max": 0.7296108603477478,
  "test_mean": 0.15081629157066345
}