{
  "num_points": 50,
  "train_min": 0.004524994641542435,
  "train_max": 0.8699600696563721,
  "train_mean": 0.0549137145280838,
  "test_min": 0.0031029663514345884,
  "test_max": 0.8401187062263489,
  "test_mean": 0.05601344630122185
}