{
  "train_barrier": 0.0,
  "test_barrier": 0.0,
  "train_min": 0.004108441062271595,
  "train_max": 0.15112842619419098,
  "train_mean": 0.015442973002791405,
  "test_min": 0.002190356608480215,
  "test_max": 0.1397661566734314,
  "test_mean": 0.01474560797214508
}