{
  "weight_l2_distance_from_init": 0.3753916025161743,
  "final_train_loss": 0.6877785213291645
}