{
  "eigenvalues": [
    0.8374191522598267,
    0.6165658831596375,
    0.24008800089359283,
    -0.011805782094597816,
    0.010062283836305141,
    0.010025452822446823,
    0.009855651296675205,
    0.00909773912280798,
    0.002327696653082967,
    0.0029617901891469955
  ],
  "trace_estimate": 1.8251955568790437
}