{
  "train_barrier": 0.0,
  "test_barrier": 0.0,
  "train_min": 0.013256519101560116,
  "train_max": 0.024801086634397507,
  "train_mean": 0.01635735109448433,
  "test_min": 0.011535955592989922,
  "test_max": 0.02150806412100792,
  "test_mean": 0.014344057999551296
}