{
  "weight_l2_distance_from_init": 3.385676383972168,
  "final_train_loss": 0.008760427706874907
}