{
  "eigenvalues": [
    0.21216148138046265,
    0.12526632845401764,
    0.09852221608161926,
    0.022433951497077942,
    0.015413069166243076,
    0.00336832320317626,
    0.00087308807997033,
    0.0006873873062431812,
    0.0006335719954222441,
    0.0005186009220778942
  ],
  "trace_estimate": 0.5555215358734131
}