{
  "eigenvalues": [
    0.014760904014110565,
    0.004924011882394552,
    0.00037732685450464487,
    0.00011620242730714381,
    3.8606060115853325e-05,
    4.5165432993599097e-07,
    3.5318112168170046e-06,
    -2.771573917925707e-06,
    6.163035322970245e-06,
    9.811553809413454e-07
  ],
  "trace_estimate": 0.019177121599204837
}