{
  "eigenvalues": [
    0.00011766022362280637,
    4.6437173295998946e-05,
    1.5177499335550237e-05,
    4.640985480364179e-06,
    3.4095548926416086e-06,
    2.7294099709251896e-06,
    2.6857092052523512e-06,
    1.585845893714577e-06,
    2.4150131139322184e-06,
    -5.391169111135241e-07
  ],
  "trace_estimate": 0.00023210771250887775
}