{
  "num_points": 50,
  "train_min": 6.612091965507716e-06,
  "train_max": 0.9258820414543152,
  "train_mean": 0.021676406264305115,
  "test_min": 0.0,
  "test_max": 0.8699703216552734,
  "test_mean": 0.02043207362294197
}