{
  "eigenvalues": [
    0.00037514662835747004,
    3.923132680938579e-06,
    1.5102253883014782e-06,
    1.5751857063150965e-07,
    -5.8550320147787716e-08,
    5.917940626432028e-08,
    -4.698225097854447e-08,
    8.78991457398115e-09,
    3.704695927808643e-08,
    2.2658399601027668e-09
  ],
  "trace_estimate": 0.00025848521527223057
}