{
  "weight_l2_distance_from_init": 1.4877334833145142,
  "final_train_loss": 0.004273295422535739
}