{
  "train_barrier": 0.0,
  "test_barrier": 0.0,
  "train_min": 8.683824853505939e-05,
  "train_max": 0.17589730024337769,
  "train_mean": 0.05480340123176575,
  "test_min": 0.00014346813259180635,
  "test_max": 0.1481049358844757,
  "test_mean": 0.048312343657016754
}