{
  "eigenvalues": [
    3.4419326782226562,
    1.1159175634384155,
    0.39174050092697144,
    0.13977734744548798,
    0.09432186186313629,
    0.027103878557682037,
    0.011597329750657082,
    0.01118498295545578,
    0.04106133431196213,
    -0.01385658048093319
  ],
  "trace_estimate": 8.137649571895599
}