{
  "train_barrier": 1.5694639086723328,
  "test_barrier": 1.620449423789978
}