{
  "weight_l2_distance_from_init": 7.8449625968933105,
  "final_train_loss": 0.0006674724245385733
}