{
  "eigenvalues": [
    2.1901590824127197,
    1.184208869934082,
    1.0848371982574463,
    0.2969251275062561,
    0.20358477532863617,
    0.03766309469938278,
    0.03058875910937786,
    0.031010709702968597,
    0.017609979957342148,
    0.01743020862340927
  ],
  "trace_estimate": 3.8651291608810423
}