{
  "weight_l2_distance_from_init": 4.7232561111450195,
  "final_train_loss": 0.005692081900633639
}