{
  "eigenvalues": [
    0.04706977307796478,
    0.02971290796995163,
    0.023460518568754196,
    0.002758036833256483,
    0.0027136660646647215,
    0.002371859271079302,
    0.0025201356038451195,
    0.0026667320635169744,
    0.0022887331433594227,
    0.002338990569114685
  ],
  "trace_estimate": 0.18710522651672362
}