{
  "weight_l2_distance_from_init": 1.22641122341156,
  "final_train_loss": 0.003848279251542408
}