{
  "train_barrier": 0.0,
  "test_barrier": 0.0,
  "train_min": 5.447307103167986e-07,
  "train_max": 2.1521613597869873,
  "train_mean": 0.8452693819999695,
  "test_min": 1.4763315448362846e-05,
  "test_max": 2.0939879417419434,
  "test_mean": 0.8267921805381775
}