{
  "num_points": 50,
  "train_min": 0.0,
  "train_max": 0.5067037343978882,
  "train_mean": 0.012460056692361832,
  "test_min": 0.0,
  "test_max": 0.49987757205963135,
  "test_mean": 0.012280548922717571
}