{
  "weight_l2_distance_from_init": 1.4414244890213013,
  "final_train_loss": 0.00472396657733043
}