{
  "eigenvalues": [
    0.7943247556686401,
    0.5234049558639526,
    0.20038047432899475,
    0.12478725612163544,
    0.04196299612522125,
    -0.01782974973320961,
    0.0015898611163720489,
    -0.012942221015691757,
    -0.009052477777004242,
    0.0047545479610562325
  ],
  "trace_estimate": 2.2395014822483064
}