{
  "num_points": 50,
  "train_min": 2.3194127152237343e-07,
  "train_max": 0.8004980087280273,
  "train_mean": 0.03171200305223465,
  "test_min": 1.6552337910979986e-05,
  "test_max": 0.820787250995636,
  "test_mean": 0.03290500119328499
}