{
  "train_barrier": 0.16939333081245422,
  "test_barrier": 0.1727619171142578,
  "train_min": 0.06903992593288422,
  "train_max": 0.5930503010749817,
  "train_mean": 0.3763430714607239,
  "test_min": 0.06766613572835922,
  "test_max": 0.5920016169548035,
  "test_mean": 0.37401923537254333
}