{
  "weight_l2_distance_from_init": 8.705556869506836,
  "final_train_loss": 0.020356102264486253
}