{
  "eigenvalues": [
    0.12464651465415955,
    0.08017151057720184,
    0.06635704636573792,
    0.020612085238099098,
    0.008079012855887413,
    0.006764644756913185,
    0.005979158449918032,
    0.005566556937992573,
    0.004957330413162708,
    0.004488686565309763
  ],
  "trace_estimate": 0.499508336186409
}