{
  "num_points": 50,
  "train_min": 0.0047926832921803,
  "train_max": 0.8860674500465393,
  "train_mean": 0.04070186987519264,
  "test_min": 0.00026163068832829595,
  "test_max": 0.8912055492401123,
  "test_mean": 0.0289413221180439
}