{
  "weight_l2_distance_from_init": 3.5712316036224365,
  "final_train_loss": 0.027421024162322283
}