{
  "train_barrier": 0.004291061341064051,
  "test_barrier": 0.0041445851675234735,
  "train_min": 1.2323049531914876e-06,
  "train_max": 0.004753989167511463,
  "train_mean": 0.001518481643870473,
  "test_min": 6.176712759042857e-07,
  "test_max": 0.004811006598174572,
  "test_mean": 0.0016380121232941747
}