{
  "weight_l2_distance_from_init": 2.2874159812927246,
  "final_train_loss": 0.001483023566834163
}