{
  "eigenvalues": [
    0.0009640248026698828,
    0.00022888966486789286,
    9.214462625095621e-05,
    6.510331149911508e-05,
    2.0835534087382257e-05,
    1.784563391993288e-05,
    -1.3192466212785803e-05,
    1.1909931345144287e-05,
    1.0555665539868642e-05,
    1.024904031510232e-05
  ],
  "trace_estimate": 0.0019441642216406763
}