{
  "eigenvalues": [
    0.4057319164276123,
    0.44609135389328003,
    0.2314860075712204,
    0.08640876412391663,
    0.05295059084892273,
    0.029623599722981453,
    -0.014080781489610672,
    -0.010428652167320251,
    -0.007587837055325508,
    -0.005659748800098896
  ],
  "trace_estimate": 1.3759867906570435
}