{
  "eigenvalues": [
    2.633131504058838,
    2.4563119411468506,
    0.5683029890060425,
    0.4307747185230255,
    0.13924294710159302,
    0.0992000550031662,
    0.08977675437927246,
    0.07144539058208466,
    0.07381107658147812,
    0.07142018526792526
  ],
  "trace_estimate": 11.31909794807434
}