{
  "weight_l2_distance_from_init": 1.8612161874771118,
  "final_train_loss": 0.005779069248092128
}