{
  "eigenvalues": [
    0.06189148500561714,
    0.030121000483632088,
    0.02549128606915474,
    0.006606881506741047,
    0.004831480793654919,
    0.0035609733313322067,
    -2.037646481767297e-06,
    0.0005709215183742344,
    0.0004005314549431205,
    -0.00040807208279147744
  ],
  "trace_estimate": 0.10945027824491263
}