{
  "weight_l2_distance_from_init": 3.809769868850708,
  "final_train_loss": 0.004201961601665971
}