{
  "train_barrier": 0.3025351017713547,
  "test_barrier": 0.30291974544525146,
  "train_min": 0.00011222801549592987,
  "train_max": 0.4510526657104492,
  "train_mean": 0.20133329927921295,
  "test_min": 0.000236424952163361,
  "test_max": 0.4531458616256714,
  "test_mean": 0.2016233652830124
}