{
  "num_points": 50,
  "train_min": 0.007175235077738762,
  "train_max": 1.229254961013794,
  "train_mean": 0.05270194634795189,
  "test_min": 0.0019590395968407393,
  "test_max": 1.122934341430664,
  "test_mean": 0.05152325704693794
}