{
  "train_barrier": 0.37601014971733093,
  "test_barrier": 0.3805762268602848,
  "train_min": 4.0598533814772964e-05,
  "train_max": 0.44072461128234863,
  "train_mean": 0.13390561938285828,
  "test_min": 0.0001405493967467919,
  "test_max": 0.44128769636154175,
  "test_mean": 0.13165971636772156
}