{
  "train_barrier": 0.07391697075217962,
  "test_barrier": 0.06743497168645263,
  "train_min": 0.00716966949403286,
  "train_max": 0.08130466192960739,
  "train_mean": 0.034019265323877335,
  "test_min": 0.005202018655836582,
  "test_max": 0.07276436686515808,
  "test_mean": 0.030335530638694763
}