{
  "num_points": 50,
  "train_min": 0.0,
  "train_max": 0.7179443836212158,
  "train_mean": 0.021777212619781494,
  "test_min": 0.0,
  "test_max": 0.7153123021125793,
  "test_mean": 0.021669011563062668
}