{
  "num_points": 50,
  "train_min": 0.0069862836971879005,
  "train_max": 1.1477553844451904,
  "train_mean": 0.06067892909049988,
  "test_min": 0.0030689723789691925,
  "test_max": 1.1571717262268066,
  "test_mean": 0.049277156591415405
}