{
  "eigenvalues": [
    0.0009697152418084443,
    0.0005115080857649446,
    0.00040944921784102917,
    0.00021167130034882575,
    0.00010482981451787055,
    7.81815979280509e-05,
    6.428496271837503e-05,
    5.011590837966651e-05,
    4.273180820746347e-05,
    3.929532249458134e-05
  ],
  "trace_estimate": 0.0042804655153304335
}