{
  "eigenvalues": [
    1.6702537536621094,
    1.4607007503509521,
    1.3867638111114502,
    0.29089808464050293,
    0.26132699847221375,
    0.028510846197605133,
    0.010199956595897675,
    0.009561754763126373,
    -0.0065102060325443745,
    -0.0063679395243525505
  ],
  "trace_estimate": 4.767696487903595
}