{
  "eigenvalues": [
    0.6221301555633545,
    0.2895183563232422,
    0.27060213685035706,
    0.11228588968515396,
    0.07555115222930908,
    0.0358237698674202,
    0.028701720759272575,
    0.01916932500898838,
    0.02217330038547516,
    0.01674306020140648
  ],
  "trace_estimate": 2.56810023188591
}