{
  "weight_l2_distance_from_init": 3.1746652126312256,
  "final_train_loss": 1.1497086385842126e-06
}