{
  "eigenvalues": [
    0.026261959224939346,
    0.007437330204993486,
    0.0013199248351156712,
    0.000553109566681087,
    0.00014612605446018279,
    9.828529437072575e-05,
    -1.4970636584621388e-05,
    -5.3397125157061964e-05,
    3.494401971693151e-05,
    -4.28663297498133e-05
  ],
  "trace_estimate": 0.04184686518274248
}