{
  "eigenvalues": [
    0.09839041531085968,
    0.043280504643917084,
    0.03554852306842804,
    0.012057676911354065,
    0.007950365543365479,
    0.006948173977434635,
    0.0053871748968958855,
    0.0051788585260510445,
    0.004112162161618471,
    0.003942401614040136
  ],
  "trace_estimate": 0.35372486114501955
}