{
  "eigenvalues": [
    1.3902307748794556,
    1.1190366744995117,
    0.8692560195922852,
    0.32356488704681396,
    0.12363309413194656,
    0.07758074998855591,
    0.06319055706262589,
    0.06164128705859184,
    0.04091622680425644,
    0.03524928167462349
  ],
  "trace_estimate": 6.000330901145935
}