{
  "eigenvalues": [
    0.0004947962006554008,
    0.0001553941983729601,
    4.958549834555015e-05,
    3.508101599436486e-06,
    2.588634970379644e-06,
    2.3904831323307008e-06,
    2.366194621572504e-06,
    2.170536163248471e-06,
    2.0995303202653304e-06,
    1.91206299859914e-06
  ],
  "trace_estimate": 0.0009432385500986129
}