{
  "eigenvalues": [
    0.7738628387451172,
    0.4835781455039978,
    0.08374641090631485,
    0.03218294680118561,
    0.00915670394897461,
    0.005663636140525341,
    0.0031259958632290363,
    0.00232241814956069,
    0.0014540767297148705,
    0.0014024495612829924
  ],
  "trace_estimate": 2.040592209994793
}