{
  "train_barrier": 0.3424316644668579,
  "test_barrier": 0.325994074344635
}