{
  "eigenvalues": [
    0.6667527556419373,
    0.5475037097930908,
    0.19916316866874695,
    -0.026611000299453735,
    0.004932234529405832,
    0.013551827520132065,
    0.026477951556444168,
    0.009223154745995998,
    0.023225583136081696,
    0.02282015234231949
  ],
  "trace_estimate": 2.556020650267601
}