{
  "train_barrier": 0.060466060414910316,
  "test_barrier": 0.06057001277804375,
  "train_min": 0.0002631286333780736,
  "train_max": 0.08100370317697525,
  "train_mean": 0.035301584750413895,
  "test_min": 0.0006315586506389081,
  "test_max": 0.0821692943572998,
  "test_mean": 0.03636858984827995
}