{
  "train_barrier": 4.368012014310807e-06,
  "test_barrier": 0.0,
  "train_min": 1.9250352124799974e-05,
  "train_max": 5.7353961892658845e-05,
  "train_mean": 4.910453935735859e-05,
  "test_min": 0.00012050593795720488,
  "test_max": 0.0002993496018461883,
  "test_mean": 0.00019491520652081817
}