{
  "eigenvalues": [
    2.9031582471361617e-07,
    -2.1418589568611424e-08,
    -1.92397183254589e-12,
    -2.343114851449668e-13,
    -6.293363183015876e-13,
    -2.019773237549316e-12,
    1.3813443722199281e-09,
    4.774555750763909e-12,
    -6.047275093873372e-12,
    -7.67081797387048e-12
  ],
  "trace_estimate": 4.6740126462552213e-07
}