{
  "num_points": 50,
  "train_min": 0.2902302145957947,
  "train_max": 0.7200895547866821,
  "train_mean": 0.5144233107566833,
  "test_min": 0.28045353293418884,
  "test_max": 0.7173800468444824,
  "test_mean": 0.5081530213356018
}