{
  "eigenvalues": [
    0.04395424574613571,
    0.020565971732139587,
    0.01585461013019085,
    0.0015365119324997067,
    0.0015628950204700232,
    0.0014951792545616627,
    0.0015129214152693748,
    0.0015265477122738957,
    0.001482312916778028,
    0.0014554096851497889
  ],
  "trace_estimate": 0.18887765780091287
}