{
  "train_barrier": 0.007185155933318477,
  "test_barrier": 0.01608870178461075,
  "train_min": 0.0,
  "train_max": 0.007185165770351887,
  "train_mean": 0.0013868586393073201,
  "test_min": 0.0,
  "test_max": 0.01608870178461075,
  "test_mean": 0.0025570890866219997
}