{
  "train_barrier": 0.32085141353309155,
  "test_barrier": 0.3172333911061287,
  "train_min": 0.0018037273548543453,
  "train_max": 0.33668071031570435,
  "train_mean": 0.10471957921981812,
  "test_min": 0.0008011858444660902,
  "test_max": 0.332089364528656,
  "test_mean": 0.10375762730836868
}