{
  "weight_l2_distance_from_init": 27.959142684936523,
  "final_train_loss": 0.0036304134882811923
}