{
  "train_barrier": 0.21563560888171196,
  "test_barrier": 0.21477141603827477,
  "train_min": 0.002997342497110367,
  "train_max": 0.25106102228164673,
  "train_mean": 0.08660787343978882,
  "test_min": 0.0021639810875058174,
  "test_max": 0.25077366828918457,
  "test_mean": 0.0871623083949089
}