{
  "train_barrier": 0.17831044644117355,
  "test_barrier": 0.1679399088025093
}