{
  "eigenvalues": [
    0.17718884348869324,
    0.08139318972826004,
    0.0317075289785862,
    0.01497361809015274,
    0.00835901964455843,
    0.002689019776880741,
    0.0022354554384946823,
    0.0021008378826081753,
    0.0015863357111811638,
    0.0014401247026398778
  ],
  "trace_estimate": 0.3246365875005722
}