{
  "train_barrier": 0.3838086575269699,
  "test_barrier": 0.36545629799366,
  "train_min": 0.00490378076210618,
  "train_max": 0.5178454518318176,
  "train_mean": 0.2134978175163269,
  "test_min": 0.003339915070682764,
  "test_max": 0.5015103220939636,
  "test_mean": 0.20885030925273895
}