{
  "num_points": 50,
  "train_min": 2.2700947788223402e-09,
  "train_max": 0.8199025988578796,
  "train_mean": 0.03438789024949074,
  "test_min": 8.288653674526358e-08,
  "test_max": 0.8293424248695374,
  "test_mean": 0.14161036908626556
}