{
  "eigenvalues": [
    0.876270055770874,
    0.582770586013794,
    0.48278290033340454,
    0.15973997116088867,
    0.1060267761349678,
    0.03206026926636696,
    0.02614470198750496,
    0.027420300990343094,
    0.024331748485565186,
    0.02241152711212635
  ],
  "trace_estimate": 2.6752525925636292
}