{
  "eigenvalues": [
    1.0553070306777954,
    0.48345252871513367,
    0.4040217399597168,
    0.14981263875961304,
    0.12193327397108078,
    0.0423978827893734,
    0.03267360478639603,
    0.030238810926675797,
    0.017077580094337463,
    0.015180841088294983
  ],
  "trace_estimate": 4.068799114227295
}