{
  "train_barrier": 0.29982105642557144,
  "test_barrier": 0.29973721504211426,
  "train_min": 0.00023827746917959303,
  "train_max": 0.41386064887046814,
  "train_mean": 0.179057776927948,
  "test_min": 0.0003100514877587557,
  "test_max": 0.4112909734249115,
  "test_mean": 0.1773337423801422
}