{
  "num_points": 50,
  "train_min": 0.1734418421983719,
  "train_max": 1.7609293460845947,
  "train_mean": 0.46397143602371216,
  "test_min": 0.16339926421642303,
  "test_max": 1.75193190574646,
  "test_mean": 0.4614591896533966
}