{
  "eigenvalues": [
    1.8008563529292587e-06,
    4.174322896233207e-07,
    -3.862322373038296e-08,
    -9.150575262795169e-13,
    -1.0409711287406864e-12,
    9.347642659918165e-09,
    2.62733975200935e-12,
    -8.504763115979586e-09,
    -6.293095378140379e-09,
    -1.5674623057848613e-12
  ],
  "trace_estimate": 1.0912884050640058e-06
}