{
  "weight_l2_distance_from_init": 1.4382288455963135,
  "final_train_loss": 5.6183486123018156e-05
}