{
  "num_points": 50,
  "train_min": 0.004548837896436453,
  "train_max": 1.7272288799285889,
  "train_mean": 0.12079251557588577,
  "test_min": 0.00513309333473444,
  "test_max": 1.6262173652648926,
  "test_mean": 0.11383523046970367
}