{
  "train_barrier": 0.049182355403900146,
  "test_barrier": 0.047427237033843994
}