{
  "eigenvalues": [
    0.24876005947589874,
    0.2106800675392151,
    0.1289554238319397,
    0.07700738310813904,
    0.04919177293777466,
    0.03099326230585575,
    0.02665550261735916,
    0.010874183848500252,
    0.007865140214562416,
    0.006102931685745716
  ],
  "trace_estimate": 0.9601940602064133
}