{
  "weight_l2_distance_from_init": 2.153418779373169,
  "final_train_loss": 0.0031155926844803616
}