{
  "eigenvalues": [
    0.008141051977872849,
    0.005764136090874672,
    0.0025137171614915133,
    0.0007551276939921081,
    0.0004613604105543345,
    7.713743980275467e-05,
    -0.0002027281152550131,
    -2.8354101232253015e-05,
    -0.00011547370377229527,
    -0.00017224912880919874
  ],
  "trace_estimate": 0.02493316479958594
}