{
  "eigenvalues": [
    0.05383783206343651,
    0.022027261555194855,
    0.016158001497387886,
    0.008539059199392796,
    0.00662528071552515,
    0.005561107769608498,
    0.0053339432924985886,
    0.003507497487589717,
    0.003209410235285759,
    0.002069495152682066
  ],
  "trace_estimate": 0.16521429419517517
}