{
  "train_barrier": 0.01301785558462143,
  "test_barrier": 0.01322551816701889,
  "train_min": 0.00019362794409971684,
  "train_max": 0.1162550151348114,
  "train_mean": 0.06643910706043243,
  "test_min": 0.0003112346166744828,
  "test_max": 0.12739461660385132,
  "test_mean": 0.07102181017398834
}