{
  "train_barrier": 0.44337716698646545,
  "test_barrier": 0.44101178646087646,
  "train_min": 0.002034922828897834,
  "train_max": 0.5649904012680054,
  "train_mean": 0.2292882651090622,
  "test_min": 0.001450413023121655,
  "test_max": 0.5678616762161255,
  "test_mean": 0.23257695138454437
}