{
  "num_points": 50,
  "train_min": 0.0021339314989745617,
  "train_max": 1.8524417877197266,
  "train_mean": 0.2115570455789566,
  "test_min": 0.007056902162730694,
  "test_max": 1.8408557176589966,
  "test_mean": 0.21085086464881897
}