{
  "eigenvalues": [
    0.7486571669578552,
    0.25482791662216187,
    0.1721559762954712,
    0.09391187131404877,
    0.03845018893480301,
    0.013238353654742241,
    0.011839892715215683,
    0.010696694254875183,
    0.009730571880936623,
    0.010246828198432922
  ],
  "trace_estimate": 1.6652167737483978
}