{
  "eigenvalues": [
    0.14617323875427246,
    0.13045452535152435,
    0.007227174937725067,
    0.005450703669339418,
    0.003982602618634701,
    0.003006341867148876,
    0.0019018695456907153,
    0.0013783358735963702,
    0.0012680348008871078,
    -0.0009791497141122818
  ],
  "trace_estimate": 0.2346342269331217
}