{
  "eigenvalues": [
    0.10783783346414566,
    0.05483610928058624,
    0.04067882150411606,
    0.009715067222714424,
    0.006464429199695587,
    0.0042031812481582165,
    0.0009276604978367686,
    0.0008004908449947834,
    -0.0004066238470841199,
    0.0006868091877549887
  ],
  "trace_estimate": 0.18259817883372306
}