{
  "weight_l2_distance_from_init": 1.5541571378707886,
  "final_train_loss": 0.00035541242414183216
}