{
  "weight_l2_distance_from_init": 26.569650650024414,
  "final_train_loss": 0.001576298815010091
}