{
  "weight_l2_distance_from_init": 0.2212933450937271,
  "final_train_loss": 0.6914118193089962
}