{
  "train_barrier": 0.06956260651350021,
  "test_barrier": 0.08326457440853119,
  "train_min": 0.005759919062256813,
  "train_max": 0.10217331349849701,
  "train_mean": 0.05186760798096657,
  "test_min": 0.005853365175426006,
  "test_max": 0.11317628622055054,
  "test_mean": 0.05644680932164192
}