{
  "weight_l2_distance_from_init": 25.798194885253906,
  "final_train_loss": 9.20722018804554e-06
}