{
  "eigenvalues": [
    0.04201766103506088,
    0.01952417939901352,
    0.020449146628379822,
    0.002379454206675291,
    0.002308450872078538,
    0.002338594291359186,
    0.002093719784170389,
    0.002192631596699357,
    0.0021835819352418184,
    0.002068128203973174
  ],
  "trace_estimate": 0.20629329606890678
}