{
  "eigenvalues": [
    1.9635182619094849,
    1.8020001649856567,
    1.5339456796646118,
    0.23004674911499023,
    0.2053043246269226,
    0.14415964484214783,
    0.11593469977378845,
    0.11357583105564117,
    0.10126280784606934,
    0.09007426351308823
  ],
  "trace_estimate": 5.032429146766662
}