{
  "eigenvalues": [
    0.9058660268783569,
    0.3605319559574127,
    0.3038119375705719,
    0.12011516094207764,
    0.11137234419584274,
    0.035209111869335175,
    0.03268897160887718,
    0.030508633702993393,
    0.016544852405786514,
    0.016574472188949585
  ],
  "trace_estimate": 4.584271955490112
}