{
  "train_barrier": 0.011638402938842773,
  "test_barrier": 0.013611137866973877,
  "train_min": 0.008190452121198177,
  "train_max": 0.7284508347511292,
  "train_mean": 0.5250414609909058,
  "test_min": 0.008611181750893593,
  "test_max": 0.719082236289978,
  "test_mean": 0.5223469734191895
}