{
  "eigenvalues": [
    0.12436700612306595,
    0.07180631160736084,
    0.0671951174736023,
    0.04094505310058594,
    0.017889291048049927,
    0.011289553716778755,
    0.009510095231235027,
    0.007696178741753101,
    0.006595011800527573,
    0.0051259612664580345
  ],
  "trace_estimate": 0.4003110036253929
}