{
  "eigenvalues": [
    0.45635485649108887,
    0.39904361963272095,
    0.0701204389333725,
    0.0331750214099884,
    0.008833417668938637,
    0.004739424213767052,
    0.0024039398413151503,
    0.0021162021439522505,
    0.0013609655434265733,
    0.0007170473108999431
  ],
  "trace_estimate": 1.2146070390939712
}