{
  "eigenvalues": [
    1.1758804321289062,
    0.9451488256454468,
    0.7835971713066101,
    0.28939828276634216,
    0.22976075112819672,
    0.16583943367004395,
    0.13810408115386963,
    0.1359851360321045,
    0.08006641268730164,
    0.06294950842857361
  ],
  "trace_estimate": 5.69763491153717
}