{
  "eigenvalues": [
    0.09880901873111725,
    0.09131856262683868,
    0.011203124187886715,
    0.005309402476996183,
    0.0034944345243275166,
    0.001754426397383213,
    0.0015500070294365287,
    0.0013847275404259562,
    0.0013126236153766513,
    0.0008247492369264364
  ],
  "trace_estimate": 0.1917125754058361
}