{
  "eigenvalues": [
    1.1887578964233398,
    1.2054731845855713,
    0.9802168011665344,
    0.19933652877807617,
    0.19089555740356445,
    0.13689064979553223,
    0.12429274618625641,
    0.08282873034477234,
    0.06679535657167435,
    0.0568675696849823
  ],
  "trace_estimate": 3.874436283111572
}