{
  "num_points": 50,
  "train_min": 0.2787723243236542,
  "train_max": 0.6971105337142944,
  "train_mean": 0.5236332416534424,
  "test_min": 0.283762663602829,
  "test_max": 0.6969943642616272,
  "test_mean": 0.5264706015586853
}