{
  "eigenvalues": [
    0.001093525905162096,
    0.0006528134690597653,
    2.4245404347311705e-05,
    -8.079044846454053e-07,
    6.665594582955237e-07,
    2.4025650873227278e-06,
    4.809530764759984e-07,
    1.4260856460168725e-06,
    6.890904842293821e-07,
    3.285769025751506e-07
  ],
  "trace_estimate": 0.0015722876763902605
}