{
  "train_barrier": 2.821283123921603e-05,
  "test_barrier": 5.895023059565574e-05,
  "train_min": 4.310899839765625e-06,
  "train_max": 6.249796570045874e-05,
  "train_mean": 3.754714998649433e-05,
  "test_min": 1.7096203009714372e-05,
  "test_max": 0.00016182639228645712,
  "test_mean": 0.00010456227755639702
}