{
  "train_barrier": 0.0,
  "test_barrier": 0.007153451442718506,
  "train_min": 0.6877785325050354,
  "train_max": 0.7024030089378357,
  "train_mean": 0.6930634379386902,
  "test_min": 0.6870844960212708,
  "test_max": 0.6962655782699585,
  "test_mean": 0.691872775554657
}