{
  "num_points": 50,
  "train_min": 0.03186224028468132,
  "train_max": 1.1895151138305664,
  "train_mean": 0.2121254950761795,
  "test_min": 0.031189244240522385,
  "test_max": 1.2562105655670166,
  "test_mean": 0.22425337135791779
}