{
  "eigenvalues": [
    6.986786320339888e-05,
    1.6425340163550572e-06,
    1.3072092315269401e-06,
    9.341829354525544e-07,
    5.441762596092303e-07,
    3.148225005134009e-07,
    4.816777732230548e-07,
    -1.4986088103796646e-07,
    3.584352157304238e-07,
    -3.4368977708254533e-07
  ],
  "trace_estimate": 5.200756718295452e-05
}