{
  "eigenvalues": [
    0.8984565138816833,
    0.31670722365379333,
    0.22803419828414917,
    0.12172447144985199,
    0.03861129656434059,
    0.012969096191227436,
    0.011377645656466484,
    0.0033776643685996532,
    0.009140675887465477,
    0.007522481959313154
  ],
  "trace_estimate": 2.49003843665123
}