{
  "train_barrier": 0.32596776634454727,
  "test_barrier": 0.32943987660109997,
  "train_min": 0.001803727587684989,
  "train_max": 0.3574562072753906,
  "train_mean": 0.09863297641277313,
  "test_min": 0.0008011858444660902,
  "test_max": 0.3596785068511963,
  "test_mean": 0.09942231327295303
}