{
  "train_barrier": 0.010736942291259766,
  "test_barrier": 0.014612138271331787,
  "train_min": 0.008190452121198177,
  "train_max": 0.7417950630187988,
  "train_mean": 0.5077176690101624,
  "test_min": 0.008611181750893593,
  "test_max": 0.7192186713218689,
  "test_mean": 0.49981778860092163
}