{
  "train_barrier": 4.5275162847246975e-05,
  "test_barrier": 0.00020926332217641175,
  "train_min": 4.927365080220625e-05,
  "train_max": 9.766647417563945e-05,
  "train_mean": 7.377089059446007e-05,
  "test_min": 0.00012704305117949843,
  "test_max": 0.00048431975301355124,
  "test_mean": 0.00029821565840393305
}