{
  "weight_l2_distance_from_init": 3.526386260986328,
  "final_train_loss": 0.27318684104830027
}