{
  "eigenvalues": [
    9.825402445189913e-32,
    3.2617426228784825e-32,
    4.438099492680686e-32,
    2.1969730808111373e-32,
    1.0215144650171148e-31,
    -7.344636375415474e-33,
    1.9565647965376032e-33,
    -3.6948432308633847e-34,
    5.6353426930450935e-33,
    -4.888318971833407e-34
  ],
  "trace_estimate": 8.144795059335942e-27
}