{
  "weight_l2_distance_from_init": 1.8074588775634766,
  "final_train_loss": 0.0012762297192239203
}