{
  "weight_l2_distance_from_init": 1.5622895956039429,
  "final_train_loss": 1.7042916425680232e-05
}