{
  "weight_l2_distance_from_init": 12.565055847167969,
  "final_train_loss": 0.0023033672807741823
}