{
  "eigenvalues": [
    0.001896228059194982,
    0.0009044547332450747,
    0.000253022852120921,
    2.443282710373751e-06,
    3.821630343736615e-06,
    3.8072780625952873e-06,
    3.6403907870408148e-06,
    2.6080410862050485e-06,
    2.5743124751897994e-06,
    2.1601817934424616e-06
  ],
  "trace_estimate": 0.0031226079852785917
}