{
  "train_barrier": 0.34565775096416473,
  "test_barrier": 0.35204195976257324,
  "train_min": 0.00024340687377844006,
  "train_max": 0.5057832598686218,
  "train_mean": 0.2304619997739792,
  "test_min": 0.00036350934533402324,
  "test_max": 0.5072855949401855,
  "test_mean": 0.2302640825510025
}