{
  "train_barrier": 1.604793214937672e-05,
  "test_barrier": 2.6560272090137005e-05,
  "train_min": 2.6858904220716795e-06,
  "train_max": 5.033307024859823e-05,
  "train_mean": 2.949472218460869e-05,
  "test_min": 1.6756501281633973e-05,
  "test_max": 0.0001294364337809384,
  "test_mean": 8.499147952534258e-05
}