{
  "eigenvalues": [
    0.013975417241454124,
    0.00881020724773407,
    0.005666064098477364,
    0.0032006101682782173,
    0.0027470283675938845,
    0.0025326632894575596,
    0.0019831652753055096,
    0.0014652059180662036,
    0.0010594993364065886,
    0.001028811908327043
  ],
  "trace_estimate": 0.07731716595590114
}