{
  "num_points": 50,
  "train_min": 0.0,
  "train_max": 0.5099897980690002,
  "train_mean": 0.021868819370865822,
  "test_min": 0.0,
  "test_max": 0.5139557123184204,
  "test_mean": 0.021961066871881485
}