{
  "train_barrier": 0.41771723330020905,
  "test_barrier": 0.41937173902988434,
  "train_min": 0.005035632289946079,
  "train_max": 0.6106387972831726,
  "train_mean": 0.3045336902141571,
  "test_min": 0.0034021378960460424,
  "test_max": 0.6154059171676636,
  "test_mean": 0.30883803963661194
}