{
  "eigenvalues": [
    6.9848456382751465,
    2.4814038276672363,
    1.085411787033081,
    0.18508665263652802,
    0.1371433138847351,
    0.11838939040899277,
    0.1097048968076706,
    0.09617766737937927,
    0.09790578484535217,
    0.09087910503149033
  ],
  "trace_estimate": 13.092954778671265
}