{
  "train_barrier": 0.2822316288948059,
  "test_barrier": 0.3017044961452484
}