{
  "eigenvalues": [
    0.8119450807571411,
    0.7642984390258789,
    0.6706993579864502,
    0.12802675366401672,
    0.11935631930828094,
    0.08592332154512405,
    0.0791020318865776,
    0.05598908290266991,
    0.05187711864709854,
    0.04696158319711685
  ],
  "trace_estimate": 3.556890296936035
}