{
  "num_points": 50,
  "train_min": 0.6250400543212891,
  "train_max": 22.471405029296875,
  "train_mean": 10.471335411071777,
  "test_min": 0.6016116142272949,
  "test_max": 24.321603775024414,
  "test_mean": 11.022961616516113
}