{
  "weight_l2_distance_from_init": 3.8202548027038574,
  "final_train_loss": 0.004669305368224741
}