{
  "num_points": 50,
  "train_min": 0.0,
  "train_max": 2.1538021564483643,
  "train_mean": 0.0472288653254509,
  "test_min": 0.0,
  "test_max": 2.112994909286499,
  "test_mean": 0.04644523188471794
}