{
  "weight_l2_distance_from_init": 4.081895351409912,
  "final_train_loss": 0.08957604365423322
}