{
  "weight_l2_distance_from_init": 3.1742730140686035,
  "final_train_loss": 0.32330955751240253
}