{
  "eigenvalues": [
    0.019882703199982643,
    0.015760216861963272,
    0.006029796786606312,
    0.00191887014079839,
    0.000714399793650955,
    0.00011778353655245155,
    -0.00012140153557993472,
    0.0002862197579815984,
    -0.00017379701603204012,
    1.158418399427319e-05
  ],
  "trace_estimate": 0.05836658412590623
}