{
  "eigenvalues": [
    0.022521499544382095,
    0.010216412134468555,
    0.0012036040425300598,
    0.0009300512028858066,
    0.0003147528041154146,
    0.0003196915495209396,
    0.00010714589734561741,
    0.00040722975973039865,
    -0.00022342723968904465,
    -8.217670256271958e-05
  ],
  "trace_estimate": 0.04374855747446418
}