{
  "train_barrier": 0.09815168380737305,
  "test_barrier": 0.10943043231964111,
  "train_min": 0.3567351698875427,
  "train_max": 0.6821027398109436,
  "train_mean": 0.5729045271873474,
  "test_min": 0.350588858127594,
  "test_max": 0.6940979361534119,
  "test_mean": 0.5782240629196167
}