{
  "train_barrier": 0.07626090943813324,
  "test_barrier": 0.07617339491844177,
  "train_min": 0.0012124930508434772,
  "train_max": 0.1316179782152176,
  "train_mean": 0.06340651959180832,
  "test_min": 0.0013274827506393194,
  "test_max": 0.13077254593372345,
  "test_mean": 0.06285952776670456
}