{
  "train_barrier": 0.005090711259981617,
  "test_barrier": 0.005216846941038966,
  "train_min": 2.8729144219141745e-07,
  "train_max": 0.005528839770704508,
  "train_mean": 0.0017613159725442529,
  "test_min": 4.051149176120816e-07,
  "test_max": 0.005984403192996979,
  "test_mean": 0.002017699647694826
}