{
  "eigenvalues": [
    0.3385199308395386,
    0.12326415628194809,
    0.09579382836818695,
    0.03768334537744522,
    0.0034232069738209248,
    0.0005564236780628562,
    0.0005834466428495944,
    -0.00011106591409770772,
    0.00045088015031069517,
    0.0005201062303967774
  ],
  "trace_estimate": 0.5503701090812683
}