{
  "train_barrier": 0.0037855999544262886,
  "test_barrier": 0.0036822212859988213,
  "train_min": 0.001792918425053358,
  "train_max": 0.00738955894485116,
  "train_mean": 0.005187826696783304,
  "test_min": 0.0019371507223695517,
  "test_max": 0.007328658830374479,
  "test_mean": 0.005201269406825304
}