{
  "num_points": 50,
  "train_min": 0.00995483435690403,
  "train_max": 1.5569039583206177,
  "train_mean": 0.6240941882133484,
  "test_min": 0.01228096429258585,
  "test_max": 1.5443832874298096,
  "test_mean": 0.623932421207428
}