{
  "train_barrier": 0.0,
  "test_barrier": 0.0,
  "train_min": 0.0036455956287682056,
  "train_max": 0.06441041082143784,
  "train_mean": 0.00860896147787571,
  "test_min": 0.0020393184386193752,
  "test_max": 0.06340953707695007,
  "test_mean": 0.00816473737359047
}