{
  "train_barrier": 0.0,
  "test_barrier": 0.0,
  "train_min": 0.004723966587334871,
  "train_max": 0.010698676109313965,
  "train_mean": 0.005505660083144903,
  "test_min": 0.0030136490240693092,
  "test_max": 0.014133372344076633,
  "test_mean": 0.004803079646080732
}