{
  "train_barrier": 0.003677973960293457,
  "test_barrier": 0.0028391676023602486,
  "train_min": 1.2323049531914876e-06,
  "train_max": 0.004157068207859993,
  "train_mean": 0.0014728816458955407,
  "test_min": 6.176712759042857e-07,
  "test_max": 0.0035621803253889084,
  "test_mean": 0.0012863446027040482
}