{
  "num_points": 50,
  "train_min": 0.00595290120691061,
  "train_max": 1.099384069442749,
  "train_mean": 0.057481199502944946,
  "test_min": 0.004206856247037649,
  "test_max": 1.085381269454956,
  "test_mean": 0.055907994508743286
}