{
  "num_points": 50,
  "train_min": 0.004022758454084396,
  "train_max": 0.7214605212211609,
  "train_mean": 0.22460901737213135,
  "test_min": 0.004159859381616116,
  "test_max": 0.7058590650558472,
  "test_mean": 0.21936684846878052
}