{
  "num_points": 50,
  "train_min": 0.06814616918563843,
  "train_max": 163.98660278320312,
  "train_mean": 34.66974639892578,
  "test_min": 0.06942400336265564,
  "test_max": 160.9643096923828,
  "test_mean": 33.928951263427734
}