{
  "weight_l2_distance_from_init": 0.23042121529579163,
  "final_train_loss": 0.691489789634943
}