{
  "weight_l2_distance_from_init": 1.3449982404708862,
  "final_train_loss": 1.6213635660733416e-05
}