{
  "eigenvalues": [
    6.031711578369141,
    2.885690689086914,
    2.1865673065185547,
    0.787630021572113,
    0.6974424123764038,
    0.17314088344573975,
    0.163140207529068,
    0.08614567667245865,
    0.07929694652557373,
    0.04478157311677933
  ],
  "trace_estimate": 9.318649065494537
}