{
  "train_barrier": 0.0,
  "test_barrier": 0.0,
  "train_min": 0.0012157912133261561,
  "train_max": 1.2424120903015137,
  "train_mean": 0.5865049362182617,
  "test_min": 0.0014493514318019152,
  "test_max": 1.2377320528030396,
  "test_mean": 0.5712653398513794
}