{
  "eigenvalues": [
    0.5564503073692322,
    0.293721079826355,
    0.09598144888877869,
    0.025430265814065933,
    0.010123671032488346,
    0.008078563958406448,
    0.007994242012500763,
    0.008193165063858032,
    0.006284145638346672,
    -0.0038611607160419226
  ],
  "trace_estimate": 1.481839656829834
}