{
  "num_points": 50,
  "train_min": 0.004617932718247175,
  "train_max": 0.3255188763141632,
  "train_mean": 0.03996436297893524,
  "test_min": 0.0022051152773201466,
  "test_max": 0.32297417521476746,
  "test_mean": 0.034268274903297424
}