{
  "eigenvalues": [
    0.15101014077663422,
    0.11426826566457748,
    0.03716258332133293,
    0.01876935549080372,
    0.012556646019220352,
    0.009577417746186256,
    0.009360582567751408,
    0.004905218258500099,
    0.005723756738007069,
    0.00398069666698575
  ],
  "trace_estimate": 0.5554900944232941
}