{
  "train_barrier": 0.40562961623072624,
  "test_barrier": 0.40763814002275467,
  "train_min": 0.0016341074369847775,
  "train_max": 0.42292892932891846,
  "train_mean": 0.12901516258716583,
  "test_min": 0.0013610803289338946,
  "test_max": 0.42251986265182495,
  "test_mean": 0.12864571809768677
}