{
  "num_points": 50,
  "train_min": 2.1022349017130182e-07,
  "train_max": 0.48238426446914673,
  "train_mean": 0.015284303575754166,
  "test_min": 0.0,
  "test_max": 0.48187729716300964,
  "test_mean": 0.015297846868634224
}