{
  "eigenvalues": [
    0.010384462773799896,
    0.005447271279990673,
    0.00032066897256299853,
    9.617742034606636e-05,
    3.1851694075157866e-05,
    -7.193827400442387e-07,
    1.8035000266536372e-06,
    -1.931974111357704e-06,
    9.614536793378647e-07,
    -3.8948002156757866e-07
  ],
  "trace_estimate": 0.014850145170930773
}