{
  "eigenvalues": [
    0.7607923746109009,
    0.2642827033996582,
    0.15036606788635254,
    0.09762513637542725,
    0.035073913633823395,
    0.015757568180561066,
    -0.014377979561686516,
    0.01100853644311428,
    0.013477817177772522,
    -0.0045227352529764175
  ],
  "trace_estimate": 2.3291413605213167
}