{
  "weight_l2_distance_from_init": 1.5172337293624878,
  "final_train_loss": 0.000190473307384309
}