{
  "train_barrier": 0.24777336791157722,
  "test_barrier": 0.24825051054358482,
  "train_min": 0.00374887534417212,
  "train_max": 0.2881835103034973,
  "train_mean": 0.09730085730552673,
  "test_min": 0.004043945576995611,
  "test_max": 0.2898774743080139,
  "test_mean": 0.0976177304983139
}