{
  "eigenvalues": [
    0.04747992008924484,
    0.009403752163052559,
    0.0034546498209238052,
    0.0017823039088398218,
    0.0014877067878842354,
    0.0005710355471819639,
    -0.001258509000763297,
    0.0006604380905628204,
    0.0005868309526704252,
    0.0010854926658794284
  ],
  "trace_estimate": 0.04040447110310197
}