{
  "train_barrier": 0.0006749549647793174,
  "test_barrier": 0.0,
  "train_min": 0.0012312509352341294,
  "train_max": 0.002157978480681777,
  "train_mean": 0.0017413160530850291,
  "test_min": 0.001419304171577096,
  "test_max": 0.00288439285941422,
  "test_mean": 0.002030793111771345
}