{
  "num_points": 50,
  "train_min": 0.005046572536230087,
  "train_max": 4.091946601867676,
  "train_mean": 0.6385833621025085,
  "test_min": 0.004839378409087658,
  "test_max": 4.208261013031006,
  "test_mean": 0.7030531167984009
}