{
  "train_barrier": 5.7823810493573546e-05,
  "test_barrier": 7.066503167152405e-05,
  "train_min": 0.00014455067866947502,
  "train_max": 0.0005026909057050943,
  "train_mean": 0.0003729918971657753,
  "test_min": 0.00022324157180264592,
  "test_max": 0.000647716922685504,
  "test_mean": 0.0004999241791665554
}