{
  "train_barrier": 0.00043381197610870004,
  "test_barrier": 0.0002673573326319456,
  "train_min": 0.0004040343628730625,
  "train_max": 0.00093204400036484,
  "train_mean": 0.0006908213836140931,
  "test_min": 0.0005059624090790749,
  "test_max": 0.0009202488581649959,
  "test_mean": 0.0007433019927702844
}