{
  "eigenvalues": [
    0.11120456457138062,
    0.03548179566860199,
    0.011886479333043098,
    0.007323134690523148,
    0.005565996281802654,
    0.0034245536662638187,
    0.0035502053797245026,
    0.002992178313434124,
    -0.003309565130621195,
    0.003097242210060358
  ],
  "trace_estimate": 0.189007803844288
}