{
  "train_barrier": 0.0,
  "test_barrier": 0.0,
  "train_min": 0.020471416413784027,
  "train_max": 0.1289575845003128,
  "train_mean": 0.043733153492212296,
  "test_min": 0.01930570974946022,
  "test_max": 0.11934422701597214,
  "test_mean": 0.04106597602367401
}