{
  "train_barrier": 0.0,
  "test_barrier": 0.0,
  "train_min": 0.027421023696660995,
  "train_max": 0.6233763694763184,
  "train_mean": 0.23150567710399628,
  "test_min": 0.026549264788627625,
  "test_max": 0.5615770220756531,
  "test_mean": 0.20961230993270874
}