{
  "eigenvalues": [
    0.0006690229056403041,
    0.00016111842705868185,
    2.1542044123634696e-05,
    8.49167463456979e-06,
    1.6313957758029574e-06,
    1.2661158166338282e-07,
    9.07715502762585e-08,
    6.56436782264791e-07,
    -2.928199194229819e-08,
    3.9674799268141214e-07
  ],
  "trace_estimate": 0.0007816876830474939
}