{
  "weight_l2_distance_from_init": 3.4845542907714844,
  "final_train_loss": 0.0004448671015779837
}