{
  "num_points": 50,
  "train_min": 0.5253250598907471,
  "train_max": 1.6049896478652954,
  "train_mean": 0.8575572371482849,
  "test_min": 0.5352357029914856,
  "test_max": 1.6177735328674316,
  "test_mean": 0.8680887818336487
}