{
  "train_barrier": 0.0008590538054704666,
  "test_barrier": 0.0008298521861433983,
  "train_min": 0.0005694119026884437,
  "train_max": 0.0038536549545824528,
  "train_mean": 0.0025632577016949654,
  "test_min": 0.0007246789173223078,
  "test_max": 0.0039323847740888596,
  "test_mean": 0.0026823116932064295
}