{
  "train_barrier": 0.5067887902259827,
  "test_barrier": 0.5204752683639526
}