{
  "weight_l2_distance_from_init": 3.442729949951172,
  "final_train_loss": 0.005366732773836702
}