{
  "weight_l2_distance_from_init": 6.144197463989258,
  "final_train_loss": 0.0010924196758423932
}