{
  "eigenvalues": [
    0.4664168059825897,
    0.1638597697019577,
    0.1399167776107788,
    0.062227923423051834,
    0.016164951026439667,
    0.005468208342790604,
    -0.0029254844412207603,
    0.003883619327098131,
    -0.0006230659782886505,
    -0.001803073682822287
  ],
  "trace_estimate": 0.5333573050796986
}