{
  "train_barrier": 0.18424370884895325,
  "test_barrier": 0.19479241967201233,
  "train_min": 0.005366732832044363,
  "train_max": 0.5631276369094849,
  "train_mean": 0.3153977394104004,
  "test_min": 0.005682302638888359,
  "test_max": 0.5567421913146973,
  "test_mean": 0.30691519379615784
}