{
  "eigenvalues": [
    0.031130893155932426,
    0.020027779042720795,
    0.011616313830018044,
    0.005292195826768875,
    0.0037311341147869825,
    0.001758767757564783,
    0.0020680578891187906,
    -0.0008363231318071485,
    -0.0017514037899672985,
    -0.0015633152797818184
  ],
  "trace_estimate": 0.07054992215707898
}