{
  "eigenvalues": [
    0.008104592561721802,
    0.005257809534668922,
    0.002458432223647833,
    0.0001720056461635977,
    0.00017062469851225615,
    0.00018059350259136409,
    0.00018227135296911,
    0.00018611444102134556,
    0.0001793967094272375,
    0.00019367564527783543
  ],
  "trace_estimate": 0.030476825311779976
}