{
  "train_barrier": 0.19406937807798386,
  "test_barrier": 0.19924112409353256,
  "train_min": 8.489469109917991e-06,
  "train_max": 0.2630612552165985,
  "train_mean": 0.09432712197303772,
  "test_min": 3.043590550078079e-05,
  "test_max": 0.2724383473396301,
  "test_mean": 0.09649752080440521
}