{
  "train_barrier": 0.027666926383972168,
  "test_barrier": 0.034670352935791016,
  "train_min": 8.489469109917991e-06,
  "train_max": 0.5968796610832214,
  "train_mean": 0.23309972882270813,
  "test_min": 3.043590550078079e-05,
  "test_max": 0.5631998777389526,
  "test_mean": 0.22097748517990112
}