{
  "num_points": 50,
  "train_min": 0.006032066885381937,
  "train_max": 0.6965814232826233,
  "train_mean": 0.24031929671764374,
  "test_min": 0.0051393467001616955,
  "test_max": 0.6916239261627197,
  "test_mean": 0.23798352479934692
}