{
  "weight_l2_distance_from_init": 23.32761573791504,
  "final_train_loss": 4.29916524158358e-07
}