{
  "eigenvalues": [
    0.8985097408294678,
    0.4523799419403076,
    0.3899015486240387,
    0.05720844492316246,
    0.0576610267162323,
    0.04822193458676338,
    0.04450035095214844,
    0.03022954985499382,
    0.02991560846567154,
    0.02443912997841835
  ],
  "trace_estimate": 2.3030849933624267
}