{
  "num_points": 50,
  "train_min": 0.0001903800293803215,
  "train_max": 1.5811489820480347,
  "train_mean": 0.08090586960315704,
  "test_min": 9.370092470817326e-07,
  "test_max": 1.5363061428070068,
  "test_mean": 0.07794595509767532
}