{
  "num_points": 50,
  "train_min": 0.6540636420249939,
  "train_max": 1.683092474937439,
  "train_mean": 1.3050665855407715,
  "test_min": 0.6574074625968933,
  "test_max": 1.5677404403686523,
  "test_mean": 1.248867392539978
}