{
  "train_barrier": 0.16471046954393387,
  "test_barrier": 0.17079101502895355,
  "train_min": 0.0057790689170360565,
  "train_max": 0.2572902739048004,
  "train_mean": 0.11556677520275116,
  "test_min": 0.0032961040269583464,
  "test_max": 0.2642890214920044,
  "test_mean": 0.11809507012367249
}