{
  "eigenvalues": [
    7.0915045738220215,
    4.336215496063232,
    4.205649375915527,
    0.8127716779708862,
    0.7380993366241455,
    0.03461051732301712,
    0.03301781788468361,
    0.03277262672781944,
    -0.0037717174272984266,
    0.009728940203785896
  ],
  "trace_estimate": 20.022857570648192
}