{
  "eigenvalues": [
    15.535651206970215,
    12.215991020202637,
    3.9690706729888916,
    1.3800232410430908,
    0.7657637000083923,
    0.06850951164960861,
    0.05265305936336517,
    0.032927658408880234,
    0.012568114325404167,
    0.00798055250197649
  ],
  "trace_estimate": 43.41759634017944
}