{
  "train_barrier": 0.3882756941020489,
  "test_barrier": 0.3843524493277073,
  "train_min": 0.00251816981472075,
  "train_max": 0.4233747720718384,
  "train_mean": 0.08865432441234589,
  "test_min": 0.0017954547656700015,
  "test_max": 0.417633980512619,
  "test_mean": 0.0849401205778122
}