{
  "train_barrier": 0.1326732486486435,
  "test_barrier": 0.1249842643737793
}