{
  "eigenvalues": [
    0.401265025138855,
    0.18378856778144836,
    0.11116227507591248,
    0.05569940432906151,
    0.029812747612595558,
    0.03203531354665756,
    0.028066055849194527,
    0.017344733700156212,
    0.014484821818768978,
    0.015196605585515499
  ],
  "trace_estimate": 1.3684844017028808
}