{
  "weight_l2_distance_from_init": 4.3130388259887695,
  "final_train_loss": 0.0060701665715896524
}