{
  "num_points": 50,
  "train_min": 0.0022072342690080404,
  "train_max": 0.7253324389457703,
  "train_mean": 0.17509768903255463,
  "test_min": 0.0018652224680408835,
  "test_max": 0.7057945132255554,
  "test_mean": 0.16903148591518402
}