{
  "eigenvalues": [
    1.1701173782348633,
    0.5796420574188232,
    0.3509782552719116,
    0.16150999069213867,
    0.056233566254377365,
    0.016553454101085663,
    0.0036498771514743567,
    0.00840555690228939,
    0.011744022369384766,
    0.006890895310789347
  ],
  "trace_estimate": 2.44753258228302
}