{
  "eigenvalues": [
    0.41735681891441345,
    0.20360486209392548,
    0.1478484869003296,
    0.054635193198919296,
    0.006884721107780933,
    0.0009054807014763355,
    0.00028725879383273423,
    0.0005217054858803749,
    0.00022543867817148566,
    -0.00028950965497642756
  ],
  "trace_estimate": 0.9791908532381057
}