{
  "eigenvalues": [
    0.015117358416318893,
    0.012200292199850082,
    0.0077397143468260765,
    0.0025645564310252666,
    0.0020424388349056244,
    -0.001094885403290391,
    -0.00014721276238560677,
    -0.0014425981789827347,
    -8.188944048015401e-05,
    -0.0001160553510999307
  ],
  "trace_estimate": 0.05626042634248733
}