{
  "train_barrier": 0.0051305536180734634,
  "test_barrier": 0.005152071826159954,
  "train_min": 0.0013599148951470852,
  "train_max": 0.010221103206276894,
  "train_mean": 0.0059621259570121765,
  "test_min": 0.001563787693157792,
  "test_max": 0.01016573142260313,
  "test_mean": 0.006058609113097191
}