{
  "eigenvalues": [
    0.25395330786705017,
    0.14549213647842407,
    0.12503981590270996,
    0.027219317853450775,
    0.020869705826044083,
    0.0007597653893753886,
    0.0004859734035562724,
    -0.002561235334724188,
    0.0018423210131004453,
    0.002513786079362035
  ],
  "trace_estimate": 0.6874602705240249
}