{
  "train_barrier": 0.1866965889930725,
  "test_barrier": 0.19266414642333984,
  "train_min": 0.056722238659858704,
  "train_max": 0.6510672569274902,
  "train_mean": 0.4002898633480072,
  "test_min": 0.05556509271264076,
  "test_max": 0.6593814492225647,
  "test_mean": 0.40156179666519165
}