{
  "weight_l2_distance_from_init": 7.625763416290283,
  "final_train_loss": 0.007169669072027318
}