{
  "num_points": 50,
  "train_min": 0.004020680673420429,
  "train_max": 1.8656080961227417,
  "train_mean": 0.4605575501918793,
  "test_min": 0.0,
  "test_max": 0.5583061575889587,
  "test_mean": 0.012029847130179405
}