{
  "train_barrier": 0.0,
  "test_barrier": 0.0,
  "train_min": 0.004103490151464939,
  "train_max": 0.022891337051987648,
  "train_mean": 0.005898604169487953,
  "test_min": 0.0027093724347651005,
  "test_max": 0.026356318965554237,
  "test_mean": 0.005566523410379887
}