{
  "weight_l2_distance_from_init": 12.58631420135498,
  "final_train_loss": 0.0004722952016891213
}