{
  "train_barrier": 0.002625277265906334,
  "test_barrier": 0.0022276584059000015
}