{
  "train_barrier": 0.3395979702472687,
  "test_barrier": 0.337960422039032,
  "train_min": 0.008405297994613647,
  "train_max": 0.6180294156074524,
  "train_mean": 0.3274350166320801,
  "test_min": 0.006940457504242659,
  "test_max": 0.6227582693099976,
  "test_mean": 0.3307609260082245
}