{
  "num_points": 50,
  "train_min": 0.056715041399002075,
  "train_max": 0.6935909986495972,
  "train_mean": 0.30818480253219604,
  "test_min": 0.05002157390117645,
  "test_max": 0.6952097415924072,
  "test_mean": 0.3004910349845886
}