{
  "num_points": 50,
  "train_min": 0.3224329948425293,
  "train_max": 0.6960866451263428,
  "train_mean": 0.5494125485420227,
  "test_min": 0.3283236622810364,
  "test_max": 0.6976205110549927,
  "test_mean": 0.5540629029273987
}