{
  "weight_l2_distance_from_init": 1.6433765888214111,
  "final_train_loss": 0.00032379109779867576
}