{
  "eigenvalues": [
    6.556483276654035e-05,
    1.2196129318908788e-05,
    4.395945325086359e-06,
    9.95906702883076e-07,
    8.017882464628201e-07,
    1.3780554297682102e-07,
    3.848751362056646e-07,
    -2.5831150196609087e-07,
    3.5751838822761783e-08,
    -2.5417602955712937e-07
  ],
  "trace_estimate": 7.666864930797602e-05
}