{
  "train_barrier": 0.30939555168151855,
  "test_barrier": 0.3676149845123291,
  "train_min": 3.773540584006696e-06,
  "train_max": 2.587629795074463,
  "train_mean": 1.506971836090088,
  "test_min": 1.681873072811868e-05,
  "test_max": 2.5439531803131104,
  "test_mean": 1.471901297569275
}