{
  "weight_l2_distance_from_init": 12.149506568908691,
  "final_train_loss": 4.1312777021573766e-06
}