{
  "train_barrier": 1.9915351003874093e-06,
  "test_barrier": 2.593794124550186e-05,
  "train_min": 7.761585720800213e-07,
  "train_max": 3.1042266073200153e-06,
  "train_mean": 2.4378171019634465e-06,
  "test_min": 9.311893904850876e-07,
  "test_max": 4.102664752281271e-05,
  "test_mean": 1.7637346900301054e-05
}