{
  "num_points": 50,
  "train_min": 0.0029209640342742205,
  "train_max": 1.798092246055603,
  "train_mean": 0.660938024520874,
  "test_min": 0.002141159726306796,
  "test_max": 1.8722224235534668,
  "test_mean": 0.6836485266685486
}