{
  "train_barrier": 0.09895560890436172,
  "test_barrier": 0.0955055020749569,
  "train_min": 0.0004681938444264233,
  "train_max": 0.13001403212547302,
  "train_mean": 0.05775849521160126,
  "test_min": 0.0006048553623259068,
  "test_max": 0.1273987740278244,
  "test_mean": 0.05682818591594696
}