{
  "weight_l2_distance_from_init": 9.086769104003906,
  "final_train_loss": 4.576700996494765e-05
}