{
  "num_points": 50,
  "train_min": 0.034844011068344116,
  "train_max": 0.5478283166885376,
  "train_mean": 0.16279982030391693,
  "test_min": 0.036747436970472336,
  "test_max": 0.5539544820785522,
  "test_mean": 0.15966375172138214
}