{
  "num_points": 50,
  "train_min": 0.0041945986449718475,
  "train_max": 1985.0120849609375,
  "train_mean": 397.8941345214844,
  "test_min": 0.005881083197891712,
  "test_max": 1968.11767578125,
  "test_mean": 395.0877380371094
}