{
  "eigenvalues": [
    0.015955667942762375,
    0.0033995318226516247,
    0.0018432082142680883,
    0.000988884479738772,
    0.0005946661112830043,
    0.00020862638484686613,
    0.0001511059090262279,
    0.0001065922697307542,
    0.00027715967735275626,
    0.00011379264469724149
  ],
  "trace_estimate": 0.0294987291097641
}