{
  "eigenvalues": [
    0.021456964313983917,
    0.010703194886446,
    0.005997984670102596,
    0.0025812832172960043,
    0.0022819815203547478,
    0.0018863361328840256,
    0.0005258970195427537,
    0.00038529164157807827,
    0.00031747191678732634,
    0.0003101206966675818
  ],
  "trace_estimate": 0.06898455582559108
}