{
  "num_points": 50,
  "train_min": 0.5431467294692993,
  "train_max": 0.9355643391609192,
  "train_mean": 0.7183908224105835,
  "test_min": 0.5423792600631714,
  "test_max": 0.945364236831665,
  "test_mean": 0.7655304670333862
}