{
  "train_barrier": 0.062125189229846,
  "test_barrier": 0.061771171167492867,
  "train_min": 0.0003484908665996045,
  "train_max": 0.08876454085111618,
  "train_mean": 0.04011048749089241,
  "test_min": 0.00043025839840993285,
  "test_max": 0.08695108443498611,
  "test_mean": 0.039079099893569946
}