{
  "eigenvalues": [
    6.759547233581543,
    4.570847988128662,
    0.9965454339981079,
    0.678601086139679,
    0.20787681639194489,
    0.11398966610431671,
    0.0751626044511795,
    0.06104332208633423,
    0.05097191780805588,
    0.01683906652033329
  ],
  "trace_estimate": 18.595929443836212
}