{
  "weight_l2_distance_from_init": 4.526546955108643,
  "final_train_loss": 3.510470452283698e-05
}