{
  "num_points": 50,
  "train_min": 0.6856521964073181,
  "train_max": 3900.437744140625,
  "train_mean": 976.0310668945312,
  "test_min": 0.6882588863372803,
  "test_max": 3984.479248046875,
  "test_mean": 993.318603515625
}