{
  "eigenvalues": [
    14.591229438781738,
    12.248069763183594,
    4.716805458068848,
    1.7383944988250732,
    0.9009872674942017,
    0.13435789942741394,
    0.04829821735620499,
    0.04117759317159653,
    0.043438754975795746,
    0.04438260570168495
  ],
  "trace_estimate": 32.17246036529541
}