{
  "eigenvalues": [
    1.1108627319335938,
    0.4793750047683716,
    0.4254636764526367,
    0.10394243896007538,
    0.0866646021604538,
    0.034430164843797684,
    -0.014271356165409088,
    0.005178500898182392,
    0.014547077938914299,
    0.014055878855288029
  ],
  "trace_estimate": 3.155397093296051
}