{
  "eigenvalues": [
    0.04755114018917084,
    0.03038151189684868,
    0.024361157789826393,
    0.002827008720487356,
    0.0027379635721445084,
    0.002786108525469899,
    0.0025354872923344374,
    0.002753912005573511,
    0.0014256574213504791,
    0.0026946403086185455
  ],
  "trace_estimate": 0.18692453503608703
}