{
  "eigenvalues": [
    3.4431376457214355,
    2.84629487991333,
    2.6974103450775146,
    0.2254878133535385,
    0.20550566911697388,
    0.17645716667175293,
    0.17564190924167633,
    0.14755895733833313,
    0.12186434119939804,
    0.1261511892080307
  ],
  "trace_estimate": 15.790695762634277
}