{
  "weight_l2_distance_from_init": 1.67612624168396,
  "final_train_loss": 0.004653074698580895
}