{
  "num_points": 50,
  "train_min": 0.0,
  "train_max": 0.6290566325187683,
  "train_mean": 0.0315462090075016,
  "test_min": 0.0,
  "test_max": 0.6281511783599854,
  "test_mean": 0.03144630044698715
}