{
  "weight_l2_distance_from_init": 2.9423184394836426,
  "final_train_loss": 0.012506407976616174
}