{
  "train_barrier": 0.2905105650424957,
  "test_barrier": 0.25970083475112915
}