{
  "eigenvalues": [
    0.6645241975784302,
    0.42246437072753906,
    0.14109525084495544,
    0.05842400714755058,
    0.018755586817860603,
    0.008552590385079384,
    -0.006331311538815498,
    0.005098261404782534,
    0.004581844434142113,
    0.0032766368240118027
  ],
  "trace_estimate": 1.444399881362915
}