{
  "train_barrier": 0.003874455112963915,
  "test_barrier": 0.0033596616704016924,
  "train_min": 0.0006523704505525529,
  "train_max": 0.0057326676324009895,
  "train_mean": 0.0031605875119566917,
  "test_min": 0.0007487679831683636,
  "test_max": 0.005436319392174482,
  "test_mean": 0.0030571897514164448
}