{
  "weight_l2_distance_from_init": 1.7570488452911377,
  "final_train_loss": 0.005035632231738418
}