{
  "train_barrier": 0.13897037506103516,
  "test_barrier": 0.1414860486984253
}