{
  "num_points": 50,
  "train_min": 0.004848541226238012,
  "train_max": 0.6150393486022949,
  "train_mean": 0.05068203806877136,
  "test_min": 0.0011799593921750784,
  "test_max": 0.5771274566650391,
  "test_mean": 0.05381511524319649
}