{
  "num_points": 50,
  "train_min": 0.009391171857714653,
  "train_max": 1.2228156328201294,
  "train_mean": 0.2472551316022873,
  "test_min": 0.009564789943397045,
  "test_max": 1.289081335067749,
  "test_mean": 0.260452002286911
}