{
  "train_barrier": 0.0,
  "test_barrier": 0.0,
  "train_min": 0.03293078392744064,
  "train_max": 0.24917586147785187,
  "train_mean": 0.12427469342947006,
  "test_min": 0.0321381501853466,
  "test_max": 0.23098908364772797,
  "test_mean": 0.11828882992267609
}