{
  "weight_l2_distance_from_init": 1.6530176401138306,
  "final_train_loss": 0.00921466524596326
}