{
  "num_points": 50,
  "train_min": 0.0027662215288728476,
  "train_max": 1.0637718439102173,
  "train_mean": 0.06138337031006813,
  "test_min": 0.00232610572129488,
  "test_max": 1.1869337558746338,
  "test_mean": 0.06416205316781998
}