{
  "num_points": 50,
  "train_min": 0.4414905905723572,
  "train_max": 0.6965814232826233,
  "train_mean": 0.5086778402328491,
  "test_min": 0.45455384254455566,
  "test_max": 0.6916239261627197,
  "test_mean": 0.5162057280540466
}