{
  "eigenvalues": [
    0.5572813153266907,
    0.4658252000808716,
    0.08607025444507599,
    0.0424201563000679,
    0.011408629827201366,
    0.0090620843693614,
    0.004081663675606251,
    0.0018476054538041353,
    0.0005401225062087178,
    0.00035262585151940584
  ],
  "trace_estimate": 1.1453162848949432
}