{
  "eigenvalues": [
    3.3082964420318604,
    0.8957277536392212,
    0.4155779480934143,
    0.15036669373512268,
    0.09402617812156677,
    0.06553304195404053,
    0.04964236915111542,
    0.04973210021853447,
    0.050408415496349335,
    0.0442473441362381
  ],
  "trace_estimate": 7.561055076122284
}