{
  "weight_l2_distance_from_init": 2.983079671859741,
  "final_train_loss": 0.009242083368008025
}