{
  "train_barrier": 0.0088781543308869,
  "test_barrier": 0.009087122045457363,
  "train_min": 0.0008992247167043388,
  "train_max": 0.010653710924088955,
  "train_mean": 0.005350683815777302,
  "test_min": 0.00105112639721483,
  "test_max": 0.010931930504739285,
  "test_mean": 0.0056888386607170105
}