{
  "train_barrier": 0.25919438153505325,
  "test_barrier": 0.25780272483825684,
  "train_min": 0.00035541242687031627,
  "train_max": 0.35084837675094604,
  "train_mean": 0.1501307487487793,
  "test_min": 0.0004077984194736928,
  "test_max": 0.34769776463508606,
  "test_mean": 0.14843185245990753
}