{
  "train_barrier": 0.2952182162553072,
  "test_barrier": 0.29469679296016693,
  "train_min": 0.00012759980745613575,
  "train_max": 0.31480643153190613,
  "train_mean": 0.08614817261695862,
  "test_min": 0.00040766739402897656,
  "test_max": 0.31520843505859375,
  "test_mean": 0.08520851284265518
}