{
  "weight_l2_distance_from_init": 3.905416488647461,
  "final_train_loss": 0.004790669814610737
}