{
  "num_points": 50,
  "train_min": 0.18623849749565125,
  "train_max": 1.1638765335083008,
  "train_mean": 0.5533921718597412,
  "test_min": 0.16631841659545898,
  "test_max": 0.9730393886566162,
  "test_mean": 0.4931879937648773
}