{
  "eigenvalues": [
    2.0945022106170654,
    1.219346046447754,
    0.4918871223926544,
    -0.06034078076481819,
    -0.07304969429969788,
    -0.07570710778236389,
    -0.07516366988420486,
    0.05465705692768097,
    0.022490372881293297,
    0.06324875354766846
  ],
  "trace_estimate": 4.942425680160523
}