{
  "weight_l2_distance_from_init": 3.2184462547302246,
  "final_train_loss": 0.00019737094316951698
}