{
  "eigenvalues": [
    6.6209187507629395,
    2.612755298614502,
    1.1362290382385254,
    0.18228691816329956,
    0.08255399763584137,
    0.08189758658409119,
    0.06822112202644348,
    0.07261062413454056,
    0.06384269893169403,
    0.059706609696149826
  ],
  "trace_estimate": 19.785095071792604
}