{
  "train_barrier": 0.6697127819061279,
  "test_barrier": 0.6685173511505127
}