{
  "weight_l2_distance_from_init": 7.838531017303467,
  "final_train_loss": 0.007339355710428208
}