{
  "train_barrier": 0.026612937450408936,
  "test_barrier": 0.03324294090270996
}