{
  "train_barrier": 0.4626317173242569,
  "test_barrier": 0.4702289402484894,
  "train_min": 0.003954061307013035,
  "train_max": 0.6251153349876404,
  "train_mean": 0.30527782440185547,
  "test_min": 0.002557622967287898,
  "test_max": 0.6340897083282471,
  "test_mean": 0.31045636534690857
}