{
  "train_barrier": 0.20479631423950195,
  "test_barrier": 0.26750099658966064,
  "train_min": 0.0012157912133261561,
  "train_max": 1.4998149871826172,
  "train_mean": 1.0396413803100586,
  "test_min": 0.0014493514318019152,
  "test_max": 1.4717293977737427,
  "test_mean": 1.0138148069381714
}