{
  "num_points": 50,
  "train_min": 0.0008169763605110347,
  "train_max": 0.6747403144836426,
  "train_mean": 0.12548230588436127,
  "test_min": 0.0009764921269379556,
  "test_max": 0.6800085306167603,
  "test_mean": 0.1260421872138977
}