{
  "num_points": 50,
  "train_min": 1.1956250318689854e-06,
  "train_max": 0.8441465497016907,
  "train_mean": 0.0385323204100132,
  "test_min": 3.0032799259060994e-05,
  "test_max": 0.840680718421936,
  "test_mean": 0.06781124323606491
}