{
  "weight_l2_distance_from_init": 11.770041465759277,
  "final_train_loss": 8.072369837464066e-05
}