{
  "eigenvalues": [
    0.2041308730840683,
    0.022105716168880463,
    0.022612163797020912,
    0.009082155302166939,
    0.008587988093495369,
    0.007422138936817646,
    0.006605186033993959,
    0.006687595508992672,
    0.005898939445614815,
    0.00596378929913044
  ],
  "trace_estimate": 0.3067972883582115
}