{
  "train_barrier": 0.19086706638336182,
  "test_barrier": 0.1832597255706787
}