{
  "num_points": 50,
  "train_min": 0.0040830341167747974,
  "train_max": 1.099384069442749,
  "train_mean": 0.06988020241260529,
  "test_min": 0.0012869075872004032,
  "test_max": 1.085381269454956,
  "test_mean": 0.06811966747045517
}