{
  "num_points": 50,
  "train_min": 0.0041740890592336655,
  "train_max": 11.60299301147461,
  "train_mean": 2.203317642211914,
  "test_min": 0.0032314995769411325,
  "test_max": 12.627254486083984,
  "test_mean": 2.549131393432617
}