{
  "num_points": 50,
  "train_min": 0.0,
  "train_max": 0.38556867837905884,
  "train_mean": 0.007721166592091322,
  "test_min": 0.0,
  "test_max": 0.3753206431865692,
  "test_mean": 0.0075216214172542095
}