{
  "train_barrier": 0.7551121711730957,
  "test_barrier": 0.7481251358985901,
  "train_min": 0.0005556996329687536,
  "train_max": 1.0224413871765137,
  "train_mean": 0.3992007076740265,
  "test_min": 0.0007539255893789232,
  "test_max": 1.013535976409912,
  "test_mean": 0.3970848619937897
}