{
  "num_points": 50,
  "train_min": 0.005260044708848,
  "train_max": 10.636704444885254,
  "train_mean": 1.8908218145370483,
  "test_min": 0.005067844875156879,
  "test_max": 10.643750190734863,
  "test_mean": 1.8148678541183472
}