{
  "weight_l2_distance_from_init": 24.642742156982422,
  "final_train_loss": 3.7735406550609696e-06
}