{
  "weight_l2_distance_from_init": 2.149554967880249,
  "final_train_loss": 0.0006523704887513304
}