{
  "num_points": 50,
  "train_min": 0.6931201815605164,
  "train_max": 2.159212589263916,
  "train_mean": 1.2572805881500244,
  "test_min": 0.6942266225814819,
  "test_max": 2.132850408554077,
  "test_mean": 1.2468535900115967
}