{
  "train_barrier": 0.0,
  "test_barrier": 0.0,
  "train_min": 0.012179572135210037,
  "train_max": 0.34967267513275146,
  "train_mean": 0.10152404755353928,
  "test_min": 0.012038814835250378,
  "test_max": 0.31202346086502075,
  "test_mean": 0.09476983547210693
}