{
  "weight_l2_distance_from_init": 1.2304437160491943,
  "final_train_loss": 0.005038031868025428
}