{
  "train_barrier": 0.052810901775956154,
  "test_barrier": 0.05249498225748539,
  "train_min": 0.00020237997523508966,
  "train_max": 0.06928705424070358,
  "train_mean": 0.02924170158803463,
  "test_min": 0.00034564343513920903,
  "test_max": 0.0700797513127327,
  "test_mean": 0.030019015073776245
}