{
  "weight_l2_distance_from_init": 6.750186920166016,
  "final_train_loss": 2.5678863267361574e-07
}