{
  "eigenvalues": [
    0.05652759596705437,
    0.034398891031742096,
    0.03564062714576721,
    0.0073770759627223015,
    0.0061300029046833515,
    0.0030407446902245283,
    0.0005066925077699125,
    0.00045925157610327005,
    0.00027240737108513713,
    -3.1033778213895857e-06
  ],
  "trace_estimate": 0.18997155874967575
}