{
  "eigenvalues": [
    0.1378914713859558,
    0.053194597363471985,
    0.013333246111869812,
    0.010429682210087776,
    0.007500063627958298,
    0.006186116486787796,
    0.005949116311967373,
    0.005015254020690918,
    0.004448050633072853,
    -0.0022002053447067738
  ],
  "trace_estimate": 0.2778774410486221
}