{
  "weight_l2_distance_from_init": 4.989607810974121,
  "final_train_loss": 0.005398267610871699
}