{
  "num_points": 50,
  "train_min": 0.3490131199359894,
  "train_max": 1.6407335996627808,
  "train_mean": 0.9141706824302673,
  "test_min": 0.30003005266189575,
  "test_max": 1.497219204902649,
  "test_mean": 0.8312337398529053
}