{
  "num_points": 50,
  "train_min": 6.757667847523408e-08,
  "train_max": 0.9747805595397949,
  "train_mean": 0.02259409986436367,
  "test_min": 0.0,
  "test_max": 0.9224490523338318,
  "test_mean": 0.021370744332671165
}