{
  "num_points": 50,
  "train_min": 3.259625458440496e-09,
  "train_max": 0.6290566325187683,
  "train_mean": 0.039970919489860535,
  "test_min": 2.102358109823399e-07,
  "test_max": 0.6281511783599854,
  "test_mean": 0.039768658578395844
}