{
  "weight_l2_distance_from_init": 10.86373233795166,
  "final_train_loss": 1.1059445442773708e-09
}