{
  "train_barrier": 0.025726279243826866,
  "test_barrier": 0.03186780959367752
}