{
  "weight_l2_distance_from_init": 24.326217651367188,
  "final_train_loss": 0.0020436099800917873
}