{
  "num_points": 50,
  "train_min": 0.7305348515510559,
  "train_max": 2184.82861328125,
  "train_mean": 527.8050537109375,
  "test_min": 0.7106651067733765,
  "test_max": 2247.87060546875,
  "test_mean": 540.0985717773438
}