{
  "weight_l2_distance_from_init": 1.7333552837371826,
  "final_train_loss": 0.009311174973845482
}