{
  "eigenvalues": [
    1.1286711692810059,
    1.0311903953552246,
    0.8570401072502136,
    0.4053722023963928,
    0.13994139432907104,
    0.11435960233211517,
    0.07689590752124786,
    0.06112922355532646,
    0.05530719459056854,
    0.03483205288648605
  ],
  "trace_estimate": 7.944543981552124
}