{
  "eigenvalues": [
    0.2998247742652893,
    0.2068689912557602,
    0.05647902190685272,
    0.035631269216537476,
    0.017634805291891098,
    0.0094115836545825,
    0.0058381701819598675,
    0.004237124230712652,
    0.0032185688614845276,
    0.002647771965712309
  ],
  "trace_estimate": 0.7895286858081818
}