{
  "train_barrier": 0.0,
  "test_barrier": 0.0,
  "train_min": 0.008720757439732552,
  "train_max": 0.04065028578042984,
  "train_mean": 0.017078658565878868,
  "test_min": 0.008385897614061832,
  "test_max": 0.0356379859149456,
  "test_mean": 0.016170557588338852
}