{
  "num_points": 50,
  "train_min": 0.004176259506493807,
  "train_max": 0.8690308332443237,
  "train_mean": 0.04040583595633507,
  "test_min": 0.0022233566269278526,
  "test_max": 0.8381562829017639,
  "test_mean": 0.03909926861524582
}