{
  "train_barrier": 0.2378033697605133,
  "test_barrier": 0.2321765422821045,
  "train_min": 0.03690790385007858,
  "train_max": 0.5896722674369812,
  "train_mean": 0.32887062430381775,
  "test_min": 0.03530821204185486,
  "test_max": 0.5883594751358032,
  "test_mean": 0.32789215445518494
}