{
  "eigenvalues": [
    0.004493030719459057,
    0.0017767947865650058,
    0.00037903685006313026,
    0.0002325232489965856,
    0.00017614358512219042,
    0.00012158988101873547,
    8.83594766492024e-05,
    8.221808093367144e-05,
    5.2487717766780406e-05,
    4.032406286569312e-05
  ],
  "trace_estimate": 0.0071163850370794535
}