{
  "eigenvalues": [
    3.254180908203125,
    1.8755571842193604,
    0.656757116317749,
    0.2268700748682022,
    0.1628367006778717,
    0.055441465228796005,
    0.030931157991290092,
    -0.005827680230140686,
    0.033424120396375656,
    -0.009441512636840343
  ],
  "trace_estimate": 6.791594696044922
}