{
  "weight_l2_distance_from_init": 11.971898078918457,
  "final_train_loss": 3.482668290644142e-06
}