{
  "train_barrier": 0.09944936633110046,
  "test_barrier": 0.09451395273208618
}