{
  "eigenvalues": [
    3.627999103628099e-05,
    3.361246399435913e-06,
    9.77327772488934e-07,
    4.83211977098108e-07,
    3.055555453101988e-07,
    1.0908639325180047e-07,
    5.816713866124701e-08,
    -2.532489951079242e-08,
    1.885843232685147e-07,
    2.401512233518588e-07
  ],
  "trace_estimate": 4.296492124922224e-05
}