{
  "eigenvalues": [
    3.4164998531341553,
    1.4488506317138672,
    1.1572434902191162,
    0.5159605145454407,
    0.36052489280700684,
    0.140071302652359,
    0.09801755845546722,
    0.06028968095779419,
    0.051813703030347824,
    0.04010187089443207
  ],
  "trace_estimate": 9.894890069961548
}