{
  "num_points": 50,
  "train_min": 0.004649319685995579,
  "train_max": 0.5511786937713623,
  "train_mean": 0.032876256853342056,
  "test_min": 0.00028369040228426456,
  "test_max": 0.5583061575889587,
  "test_mean": 0.020809771493077278
}