{
  "eigenvalues": [
    0.053475089371204376,
    0.010938281193375587,
    0.009819832630455494,
    0.0020401815418154,
    0.0012576744193211198,
    0.0010379208251833916,
    0.0007821220206096768,
    0.0008828745922073722,
    0.0006626640097238123,
    0.0007023441139608622
  ],
  "trace_estimate": 0.06967010144144296
}