{
  "weight_l2_distance_from_init": 1.3587802648544312,
  "final_train_loss": 9.76744314584721e-05
}