{
  "weight_l2_distance_from_init": 25.777788162231445,
  "final_train_loss": 0.001634107291927478
}