{
  "eigenvalues": [
    0.0008217542199417949,
    7.901029312051833e-05,
    2.8503844077931717e-05,
    9.30413261812646e-06,
    4.2408419176354073e-07,
    3.5941457099397667e-07,
    3.949501348188278e-08,
    8.51872883345095e-08,
    -6.752941317245131e-08,
    1.9969156994648074e-07
  ],
  "trace_estimate": 0.0008417405260843225
}