{
  "num_points": 50,
  "train_min": 0.12074398994445801,
  "train_max": 0.7201467156410217,
  "train_mean": 0.4137859046459198,
  "test_min": 0.12047133594751358,
  "test_max": 0.7376119494438171,
  "test_mean": 0.4198206067085266
}