{
  "num_points": 50,
  "train_min": 0.0009337881347164512,
  "train_max": 0.615117609500885,
  "train_mean": 0.11434949934482574,
  "test_min": 0.0010453921277076006,
  "test_max": 0.6182551383972168,
  "test_mean": 0.11434181034564972
}