{
  "weight_l2_distance_from_init": 3.385406732559204,
  "final_train_loss": 0.023785911267623305
}