{
  "weight_l2_distance_from_init": 1.1267595291137695,
  "final_train_loss": 2.444862700201611e-05
}