{
  "num_points": 50,
  "train_min": 0.7774509191513062,
  "train_max": 454.0818786621094,
  "train_mean": 120.05825805664062,
  "test_min": 0.8002493381500244,
  "test_max": 438.173828125,
  "test_mean": 116.57766723632812
}