{
  "eigenvalues": [
    0.0012730516027659178,
    0.0007138540386222303,
    2.270801087433938e-05,
    7.447207281074952e-06,
    -3.208627731510205e-06,
    1.9247449927206617e-06,
    -1.3540391137212282e-06,
    -3.394661462152726e-06,
    -1.5789410099387169e-06,
    -2.7560665785131278e-06
  ],
  "trace_estimate": 0.0016810778295621275
}