{
  "train_barrier": 0.0,
  "test_barrier": 0.0,
  "train_min": 0.001095204846933484,
  "train_max": 0.8403456807136536,
  "train_mean": 0.5025247931480408,
  "test_min": 0.0012638488551601768,
  "test_max": 0.851986289024353,
  "test_mean": 0.5025805830955505
}