{
  "train_barrier": 0.14576445892453194,
  "test_barrier": 0.11851286143064499
}