{
  "num_points": 50,
  "train_min": 0.0011931175831705332,
  "train_max": 0.9237064719200134,
  "train_mean": 0.2013367861509323,
  "test_min": 0.0013345268089324236,
  "test_max": 0.9360926151275635,
  "test_mean": 0.20336799323558807
}