{
  "weight_l2_distance_from_init": 4.291045665740967,
  "final_train_loss": 3.418131379362421e-05
}