{
  "train_barrier": 0.8860713243484497,
  "test_barrier": 0.9200623035430908
}