{
  "num_points": 50,
  "train_min": 0.5697903633117676,
  "train_max": 2.933403730392456,
  "train_mean": 2.161306619644165,
  "test_min": 0.5172325372695923,
  "test_max": 2.4436230659484863,
  "test_mean": 1.8452175855636597
}