{
  "train_barrier": 0.35251644253730774,
  "test_barrier": 0.3538309335708618,
  "train_min": 0.00011692628322634846,
  "train_max": 0.5793191194534302,
  "train_mean": 0.2689809203147888,
  "test_min": 0.00011901548714376986,
  "test_max": 0.5815019607543945,
  "test_mean": 0.2696419358253479
}