{
  "eigenvalues": [
    1.8273437023162842,
    1.7204689979553223,
    1.4341087341308594,
    -0.03459814190864563,
    -0.032153885811567307,
    -0.0237015038728714,
    0.02028038538992405,
    -0.00723673403263092,
    -0.0202410276979208,
    -0.020557144656777382
  ],
  "trace_estimate": 4.138886189460754
}