{
  "eigenvalues": [
    0.037609539926052094,
    0.015163436532020569,
    0.010646726004779339,
    0.004021646920591593,
    0.0032328765373677015,
    0.0017155059613287449,
    -0.0008041207911446691,
    -0.0006710595916956663,
    0.0008573282393626869,
    -0.00029962940607219934
  ],
  "trace_estimate": 0.10707274768501521
}