{
  "num_points": 50,
  "train_min": 0.012903567403554916,
  "train_max": 0.9903154373168945,
  "train_mean": 0.1508033126592636,
  "test_min": 0.003518471261486411,
  "test_max": 0.9545542001724243,
  "test_mean": 0.14325594902038574
}