{
  "eigenvalues": [
    0.037229400128126144,
    0.02164219692349434,
    0.011991501785814762,
    0.002971685491502285,
    0.002055114135146141,
    0.00034989259438589215,
    -0.0012699812650680542,
    0.001461718464270234,
    0.0012018298730254173,
    -0.0012899435823783278
  ],
  "trace_estimate": 0.06900945529341698
}