{
  "train_barrier": 0.40681518614292145,
  "test_barrier": 0.40718305110931396,
  "train_min": 0.003721029730513692,
  "train_max": 0.6416915655136108,
  "train_mean": 0.31241410970687866,
  "test_min": 0.0025368076749145985,
  "test_max": 0.6396274566650391,
  "test_mean": 0.30953583121299744
}