{
  "eigenvalues": [
    3.9638619422912598,
    2.5062131881713867,
    1.263049840927124,
    -0.16978076100349426,
    -0.08836813271045685,
    0.09569248557090759,
    -0.08230866491794586,
    -0.0437045693397522,
    0.06737448275089264,
    0.07025548815727234
  ],
  "trace_estimate": 10.028713083267212
}