{
  "train_barrier": 1.227038046636153e-05,
  "test_barrier": 8.437919314019382e-05,
  "train_min": 1.380404683004599e-05,
  "train_max": 3.1520732591161504e-05,
  "train_mean": 2.241591937490739e-05,
  "test_min": 6.278119690250605e-05,
  "test_max": 0.0002312431315658614,
  "test_mean": 0.00013292557559907436
}