{
  "eigenvalues": [
    0.04257378354668617,
    0.034588608890771866,
    0.02628926932811737,
    0.002223686082288623,
    0.001686123083345592,
    0.002525586634874344,
    0.001951385522261262,
    0.0027416562661528587,
    0.002841254696249962,
    0.0022061942145228386
  ],
  "trace_estimate": 0.14775189720094203
}