{
  "train_barrier": 0.39041951298713684,
  "test_barrier": 0.3762144446372986
}