{
  "weight_l2_distance_from_init": 6.838906288146973,
  "final_train_loss": 4.0453961007436146e-08
}