{
  "eigenvalues": [
    0.20160990953445435,
    0.11323634535074234,
    0.10970209538936615,
    0.020199142396450043,
    0.017519725486636162,
    0.0036705387756228447,
    0.0007309250067919493,
    0.0007268951740115881,
    0.0006762363482266665,
    0.0005753022851422429
  ],
  "trace_estimate": 0.36955445557832717
}