{
  "eigenvalues": [
    2.984669455691007e-15,
    2.964188622542872e-15,
    3.863497690444629e-15,
    2.6996567920440056e-16,
    7.110321725728474e-16,
    6.808930991832041e-16,
    1.0551765768445861e-15,
    6.175076120369151e-16,
    9.137847339153911e-15,
    3.0320677253534633e-15
  ],
  "trace_estimate": 3.022234485242081e-11
}