{
  "train_barrier": 0.0006519487360492349,
  "test_barrier": 0.0004021773347631097,
  "train_min": 0.0006073507247492671,
  "train_max": 0.001725896610878408,
  "train_mean": 0.0012701527448371053,
  "test_min": 0.0007976373890414834,
  "test_max": 0.002199722919613123,
  "test_mean": 0.0017746161902323365
}