{
  "num_points": 50,
  "train_min": 6.577461686418928e-09,
  "train_max": 0.683376133441925,
  "train_mean": 0.020113207399845123,
  "test_min": 1.0477370082639936e-08,
  "test_max": 0.6781417727470398,
  "test_mean": 0.01904834806919098
}