{
  "weight_l2_distance_from_init": 8.073107719421387,
  "final_train_loss": 0.00902432028669864
}