{
  "weight_l2_distance_from_init": 1.6434293985366821,
  "final_train_loss": 0.004517254265920201
}