{
  "weight_l2_distance_from_init": 2.2951767444610596,
  "final_train_loss": 0.0015232116384140681
}