{
  "eigenvalues": [
    0.042197275906801224,
    0.03451758623123169,
    0.024800386279821396,
    0.0005344902165234089,
    0.0006118837045505643,
    0.0004397529410198331,
    0.00045001570833846927,
    0.000433635083027184,
    0.00019022311607841402,
    0.00039338733768090606
  ],
  "trace_estimate": 0.10382636711001396
}