{
  "train_barrier": 0.04617530107498169,
  "test_barrier": 0.051795318722724915
}