{
  "train_barrier": 0.0,
  "test_barrier": 0.0,
  "train_min": 0.012065050192177296,
  "train_max": 0.027943391352891922,
  "train_mean": 0.015436304733157158,
  "test_min": 0.009591128677129745,
  "test_max": 0.02173885516822338,
  "test_mean": 0.013319357298314571
}