{
  "train_barrier": 0.276443462818861,
  "test_barrier": 0.2762563191354275,
  "train_min": 0.0037778636906296015,
  "train_max": 0.3303786814212799,
  "train_mean": 0.11301852762699127,
  "test_min": 0.004403675440698862,
  "test_max": 0.32836684584617615,
  "test_mean": 0.11241050064563751
}