{
  "weight_l2_distance_from_init": 7.958414077758789,
  "final_train_loss": 0.0026982612698702724
}