{
  "num_points": 50,
  "train_min": 0.6926509737968445,
  "train_max": 2.2972564697265625,
  "train_mean": 1.3695276975631714,
  "test_min": 0.6934998035430908,
  "test_max": 2.2991199493408203,
  "test_mean": 1.370885968208313
}