{
  "num_points": 50,
  "train_min": 0.00497834850102663,
  "train_max": 0.941985011100769,
  "train_mean": 0.048865869641304016,
  "test_min": 0.0007961381343193352,
  "test_max": 0.9509903192520142,
  "test_mean": 0.038797732442617416
}