{
  "weight_l2_distance_from_init": 4.093350887298584,
  "final_train_loss": 0.08101639244705439
}