{
  "num_points": 50,
  "train_min": 0.0011318827746436,
  "train_max": 0.4388808012008667,
  "train_mean": 0.01789453811943531,
  "test_min": 0.00674097565934062,
  "test_max": 0.4595274031162262,
  "test_mean": 0.030436847358942032
}