{
  "num_points": 50,
  "train_min": 0.6925665736198425,
  "train_max": 1.4373983144760132,
  "train_mean": 0.9802879095077515,
  "test_min": 0.6936494708061218,
  "test_max": 1.3966844081878662,
  "test_mean": 0.9612545967102051
}