{
  "eigenvalues": [
    0.13111867010593414,
    0.07054352760314941,
    0.06482678651809692,
    0.014524792321026325,
    0.0038626347668468952,
    0.004568904638290405,
    0.0033945715986192226,
    0.0033146608620882034,
    0.002659744117408991,
    0.002545127645134926
  ],
  "trace_estimate": 0.3259970545768738
}