{
  "eigenvalues": [
    0.02672489546239376,
    0.01937500201165676,
    0.012704769149422646,
    0.005289674270898104,
    0.0046388572081923485,
    0.00040424487087875605,
    0.0014687033835798502,
    -0.002334105782210827,
    -0.001841748016886413,
    -0.0014644586481153965
  ],
  "trace_estimate": 0.09933147430419922
}