{
  "eigenvalues": [
    0.2788524031639099,
    0.17725737392902374,
    0.05402839183807373,
    0.032336778938770294,
    0.011841527186334133,
    0.005412476137280464,
    0.004634549841284752,
    0.002851362805813551,
    0.0017334632575511932,
    0.0015804197173565626
  ],
  "trace_estimate": 0.7350811541080475
}