{
  "weight_l2_distance_from_init": 2.6763501167297363,
  "final_train_loss": 0.01377959898672998
}