{
  "num_points": 50,
  "train_min": 0.0,
  "train_max": 0.5912408828735352,
  "train_mean": 0.015697728842496872,
  "test_min": 0.0,
  "test_max": 0.5899195671081543,
  "test_mean": 0.015394028276205063
}