{
  "weight_l2_distance_from_init": 9.269643783569336,
  "final_train_loss": 0.004368573194369674
}