{
  "eigenvalues": [
    0.16500887274742126,
    0.032112687826156616,
    0.021329019218683243,
    0.009783162735402584,
    -0.006296104751527309,
    -0.008402479812502861,
    -0.0063217561691999435,
    -0.0028895142022520304,
    0.006450955756008625,
    -0.005639121867716312
  ],
  "trace_estimate": 0.2489377200603485
}