{
  "train_barrier": 0.3991362266242504,
  "test_barrier": 0.4117979081347585,
  "train_min": 0.0026199007406830788,
  "train_max": 0.4154305160045624,
  "train_mean": 0.09329865127801895,
  "test_min": 0.0030096336267888546,
  "test_max": 0.426496297121048,
  "test_mean": 0.09473715722560883
}