{
  "weight_l2_distance_from_init": 8.718199729919434,
  "final_train_loss": 0.00019362793864274863
}