{
  "weight_l2_distance_from_init": 2.7526540756225586,
  "final_train_loss": 0.006153097579954192
}