{
  "eigenvalues": [
    0.13332921266555786,
    0.0820406973361969,
    0.07178090512752533,
    0.020114794373512268,
    0.008193543180823326,
    0.0067009953781962395,
    0.005912723019719124,
    0.005368603393435478,
    0.004421875812113285,
    0.004367568995803595
  ],
  "trace_estimate": 0.42391500920057296
}