{
  "weight_l2_distance_from_init": 1.2296167612075806,
  "final_train_loss": 0.005023181074648164
}