{
  "num_points": 50,
  "train_min": 0.5722844004631042,
  "train_max": 14.199195861816406,
  "train_mean": 3.4902281761169434,
  "test_min": 0.5546969771385193,
  "test_max": 14.530776977539062,
  "test_mean": 3.6396069526672363
}