{
  "train_barrier": 0.038248609751462936,
  "test_barrier": 0.02212008833885193,
  "train_min": 0.0,
  "train_max": 0.038248609751462936,
  "train_mean": 0.004487704951316118,
  "test_min": 0.0,
  "test_max": 0.02212008833885193,
  "test_mean": 0.002067504683509469
}