{
  "num_points": 50,
  "train_min": 0.0027803073171526194,
  "train_max": 1.0476864576339722,
  "train_mean": 0.22390057146549225,
  "test_min": 0.0028653834015130997,
  "test_max": 1.0387275218963623,
  "test_mean": 0.22145095467567444
}