{
  "weight_l2_distance_from_init": 3.360677480697632,
  "final_train_loss": 0.00035741117153520463
}