{
  "train_barrier": 0.018759489059448242,
  "test_barrier": 0.020991861820220947,
  "train_min": 0.005223826505243778,
  "train_max": 0.6907797455787659,
  "train_mean": 0.31388750672340393,
  "test_min": 0.005300899036228657,
  "test_max": 0.7513538002967834,
  "test_mean": 0.34411847591400146
}