{
  "eigenvalues": [
    0.00919165275990963,
    0.005197780206799507,
    0.005088231526315212,
    0.0017832070589065552,
    0.0015928751090541482,
    0.00140197086147964,
    0.001172181568108499,
    0.0009290790767408907,
    0.0006494870758615434,
    0.00045215291902422905
  ],
  "trace_estimate": 0.04915541931986809
}