{
  "weight_l2_distance_from_init": 9.478940963745117,
  "final_train_loss": 8.683824898980674e-05
}