{
  "eigenvalues": [
    1.2327280044555664,
    0.8134639859199524,
    0.8582951426506042,
    0.27161192893981934,
    0.19953805208206177,
    0.11011400818824768,
    0.08063820004463196,
    0.08371126651763916,
    0.061447449028491974,
    0.0556458905339241
  ],
  "trace_estimate": 4.249890780448913
}