{
  "weight_l2_distance_from_init": 1.2449456453323364,
  "final_train_loss": 0.00029013461789872963
}