{
  "weight_l2_distance_from_init": 13.180130958557129,
  "final_train_loss": 0.001732678519942965
}