{
  "num_points": 50,
  "train_min": 0.0004404757055453956,
  "train_max": 0.6747403144836426,
  "train_mean": 0.10641156882047653,
  "test_min": 0.0005540684796869755,
  "test_max": 0.6800085306167603,
  "test_mean": 0.106722392141819
}