{
  "train_barrier": 0.30367858707904816,
  "test_barrier": 0.3063502609729767,
  "train_min": 0.0003554123977664858,
  "train_max": 0.4737674295902252,
  "train_mean": 0.21391375362873077,
  "test_min": 0.0004077984194736928,
  "test_max": 0.47476068139076233,
  "test_mean": 0.21380726993083954
}