{
  "eigenvalues": [
    0.08766573667526245,
    0.03567402809858322,
    0.03674493730068207,
    0.005849787034094334,
    0.005090353079140186,
    0.004348056390881538,
    0.003903170581907034,
    0.0035718127619475126,
    0.0024853942450135946,
    0.001801029546186328
  ],
  "trace_estimate": 0.24169715791940688
}