{
  "train_barrier": 0.0,
  "test_barrier": 0.0,
  "train_min": 1.112691506932606e-06,
  "train_max": 1.7819925233197864e-06,
  "train_mean": 1.4186481394062866e-06,
  "test_min": 9.3314447440207e-06,
  "test_max": 1.7443378965253942e-05,
  "test_mean": 1.2771723049809225e-05
}