{
  "train_barrier": 0.02432924509048462,
  "test_barrier": 0.02195805311203003
}