{
  "weight_l2_distance_from_init": 11.704944610595703,
  "final_train_loss": 0.0037778635960421525
}