{
  "num_points": 50,
  "train_min": 0.6653300523757935,
  "train_max": 0.738735556602478,
  "train_mean": 0.7067037224769592,
  "test_min": 0.6550736427307129,
  "test_max": 0.729644775390625,
  "test_mean": 0.7016165256500244
}