{
  "eigenvalues": [
    0.2092345952987671,
    0.0432918444275856,
    0.030904512852430344,
    -0.007166815456002951,
    -0.010085444897413254,
    0.00939225498586893,
    0.008218795992434025,
    0.0053532300516963005,
    0.007894005626440048,
    0.006827298551797867
  ],
  "trace_estimate": 0.16809555441141127
}