{
  "weight_l2_distance_from_init": 12.075997352600098,
  "final_train_loss": 0.0017708996579131053
}