{
  "num_points": 50,
  "train_min": 0.4852598011493683,
  "train_max": 1.8076516389846802,
  "train_mean": 0.7128121852874756,
  "test_min": 0.5075701475143433,
  "test_max": 1.7232997417449951,
  "test_mean": 0.7394355535507202
}