{
  "train_barrier": 2.467968442942947e-06,
  "test_barrier": 0.0,
  "train_min": 1.6213636627071537e-05,
  "train_max": 6.502981705125421e-05,
  "train_mean": 4.8860118113225326e-05,
  "test_min": 0.00011859955702675506,
  "test_max": 0.0003839069977402687,
  "test_mean": 0.00022359847207553685
}