{
  "num_points": 50,
  "train_min": 0.6927295923233032,
  "train_max": 1.5725783109664917,
  "train_mean": 1.0059384107589722,
  "test_min": 0.6937665939331055,
  "test_max": 1.6264028549194336,
  "test_mean": 1.0294451713562012
}