{
  "weight_l2_distance_from_init": 21.899564743041992,
  "final_train_loss": 0.00012759980472765164
}