{
  "train_barrier": 0.4218127205967903,
  "test_barrier": 0.4232790544629097,
  "train_min": 0.0031788053456693888,
  "train_max": 0.46627143025398254,
  "train_mean": 0.15917493402957916,
  "test_min": 0.0026244495529681444,
  "test_max": 0.4697079658508301,
  "test_mean": 0.16233184933662415
}