{
  "num_points": 50,
  "train_min": 5.820763870900691e-10,
  "train_max": 0.8004980087280273,
  "train_mean": 0.026695407927036285,
  "test_min": 3.8882340902546275e-08,
  "test_max": 0.820787250995636,
  "test_mean": 0.027445433661341667
}