{
  "eigenvalues": [
    16.272480010986328,
    12.44611930847168,
    4.577899932861328,
    1.7406227588653564,
    0.8486279845237732,
    0.1364070624113083,
    0.05399208515882492,
    0.034693390130996704,
    0.022894229739904404,
    0.03745858371257782
  ],
  "trace_estimate": 45.425227069854735
}