{
  "eigenvalues": [
    0.012767739593982697,
    0.009019240736961365,
    0.004276474937796593,
    0.0027599225286394358,
    0.0022880667820572853,
    0.0017924630083143711,
    0.0015039638383314013,
    0.0012589157558977604,
    0.0009514772100374103,
    0.000632195791695267
  ],
  "trace_estimate": 0.07179419696331024
}