{
  "train_barrier": 0.0,
  "test_barrier": 0.0,
  "train_min": 3.432354276355909e-07,
  "train_max": 1.8214776515960693,
  "train_mean": 0.5563377141952515,
  "test_min": 3.810886710198247e-06,
  "test_max": 1.823960781097412,
  "test_mean": 0.5550287961959839
}