{
  "num_points": 50,
  "train_min": 0.6508644223213196,
  "train_max": 0.7079501152038574,
  "train_mean": 0.6924505829811096,
  "test_min": 0.6395130753517151,
  "test_max": 0.6982030272483826,
  "test_mean": 0.6851068139076233
}