{
  "train_barrier": 0.6269674897193909,
  "test_barrier": 0.5830398723483086,
  "train_min": 4.0598533814772964e-05,
  "train_max": 0.6843595504760742,
  "train_mean": 0.19944265484809875,
  "test_min": 0.0001405493967467919,
  "test_max": 0.6389881372451782,
  "test_mean": 0.1873495876789093
}