{
  "eigenvalues": [
    0.10642988979816437,
    0.05563666671514511,
    0.04871835187077522,
    0.012347083538770676,
    0.010284407064318657,
    0.002049750182777643,
    0.00036803644616156816,
    0.000330867973389104,
    -0.0001056146138580516,
    0.0001073025050573051
  ],
  "trace_estimate": 0.21417775452136995
}