{
  "train_barrier": 0.0015245312824845314,
  "test_barrier": 0.0012703905813395977,
  "train_min": 0.0006401836290024221,
  "train_max": 0.0030477428808808327,
  "train_mean": 0.0017740315524861217,
  "test_min": 0.0007475471938960254,
  "test_max": 0.0027190991677343845,
  "test_mean": 0.0016629379242658615
}