{
  "train_barrier": 0.00090616918168962,
  "test_barrier": 0.002051949966698885,
  "train_min": 0.0016066280659288168,
  "train_max": 0.004142000339925289,
  "train_mean": 0.002914746990427375,
  "test_min": 0.0017764504300430417,
  "test_max": 0.005251709371805191,
  "test_mean": 0.003517837729305029
}