{
  "eigenvalues": [
    0.19260594248771667,
    0.14568036794662476,
    0.0562843456864357,
    0.025336410850286484,
    0.014449751004576683,
    0.005817285738885403,
    0.005043745972216129,
    0.0030348976142704487,
    0.0022799517028033733,
    0.0017943603452295065
  ],
  "trace_estimate": 0.478598016500473
}