{
  "eigenvalues": [
    0.4376460015773773,
    0.06090261787176132,
    0.03318585455417633,
    0.021269962191581726,
    0.011140307411551476,
    0.006028858013451099,
    0.003875131020322442,
    0.0034102231729775667,
    0.0007670358172617853,
    0.002514041028916836
  ],
  "trace_estimate": 0.8119530290365219
}