{
  "eigenvalues": [
    0.03682064637541771,
    0.019255243241786957,
    0.014846212230622768,
    0.001539881806820631,
    0.0014623242896050215,
    0.0012702582171186805,
    0.0014272943371906877,
    0.0012521762400865555,
    0.0014158814447000623,
    0.0013435040600597858
  ],
  "trace_estimate": 0.18041593879461287
}