{
  "weight_l2_distance_from_init": 1.145127534866333,
  "final_train_loss": 0.0004681938326029922
}