{
  "eigenvalues": [
    0.0004139122611377388,
    0.0001944521500263363,
    3.8659549318253994e-05,
    3.4778640838339925e-06,
    2.162677219530451e-06,
    2.1328569346223958e-06,
    2.129308768417104e-06,
    2.166276317439042e-06,
    2.0732873053930234e-06,
    2.046562258328777e-06
  ],
  "trace_estimate": 0.000858744204742834
}