{
  "eigenvalues": [
    2.0099620819091797,
    1.8973402976989746,
    1.6414942741394043,
    0.25813841819763184,
    0.214544415473938,
    0.16288188099861145,
    0.11691663414239883,
    0.0927591621875763,
    0.09172749519348145,
    0.08259941637516022
  ],
  "trace_estimate": 9.188516187667847
}