{
  "num_points": 50,
  "train_min": 0.002931494265794754,
  "train_max": 1.8583574295043945,
  "train_mean": 0.2643783688545227,
  "test_min": 0.01384364441037178,
  "test_max": 1.8523837327957153,
  "test_mean": 0.2663520574569702
}