{
  "num_points": 50,
  "train_min": 0.692642867565155,
  "train_max": 1.2403764724731445,
  "train_mean": 0.9086530804634094,
  "test_min": 0.6930184364318848,
  "test_max": 1.178917407989502,
  "test_mean": 0.8807094097137451
}