{
  "weight_l2_distance_from_init": 3.5795981884002686,
  "final_train_loss": 0.024360735551454127
}