{
  "num_points": 50,
  "train_min": 0.3204290270805359,
  "train_max": 5.991158962249756,
  "train_mean": 2.2748687267303467,
  "test_min": 0.2858664393424988,
  "test_max": 6.089922904968262,
  "test_mean": 2.2374825477600098
}