{
  "eigenvalues": [
    2.1144609451293945,
    1.7984377145767212,
    1.621534824371338,
    0.2308397889137268,
    0.18323738873004913,
    0.16509440541267395,
    0.12263540178537369,
    0.10482195019721985,
    0.09957534074783325,
    0.09232819080352783
  ],
  "trace_estimate": 10.939423751831054
}