{
  "num_points": 50,
  "train_min": 0.0,
  "train_max": 0.9080053567886353,
  "train_mean": 0.018255915492773056,
  "test_min": 0.0,
  "test_max": 0.8938762545585632,
  "test_mean": 0.026136407628655434
}