{
  "eigenvalues": [
    0.0882050096988678,
    0.029868509620428085,
    0.01030074805021286,
    0.009064319543540478,
    0.0027984888292849064,
    0.0023953160271048546,
    0.0018603435019031167,
    0.0013519509229809046,
    0.0011718680616468191,
    0.0011519980616867542
  ],
  "trace_estimate": 0.13972194939851762
}