{
  "num_points": 50,
  "train_min": 0.0,
  "train_max": 0.8199025988578796,
  "train_mean": 0.017693303525447845,
  "test_min": 0.0,
  "test_max": 0.8293424248695374,
  "test_mean": 0.017882727086544037
}