{
  "num_points": 50,
  "train_min": 0.3240002393722534,
  "train_max": 0.752147912979126,
  "train_mean": 0.5452176928520203,
  "test_min": 0.31543928384780884,
  "test_max": 0.7418001294136047,
  "test_mean": 0.537770688533783
}