{
  "eigenvalues": [
    0.7428940534591675,
    0.5889331102371216,
    0.2267773449420929,
    0.007593360263854265,
    0.007599731907248497,
    -0.006046160124242306,
    0.00035689264768734574,
    0.006042623892426491,
    0.006097055040299892,
    0.00583338737487793
  ],
  "trace_estimate": 1.3764078080654145
}