{
  "train_barrier": 0.6635157912969589,
  "test_barrier": 0.6581397950649261,
  "train_min": 0.00047229521442204714,
  "train_max": 0.8562849760055542,
  "train_mean": 0.3104730546474457,
  "test_min": 0.000697492971085012,
  "test_max": 0.8400683999061584,
  "test_mean": 0.30483001470565796
}