{
  "num_points": 50,
  "train_min": 0.0,
  "train_max": 0.7817192673683167,
  "train_mean": 0.020335931330919266,
  "test_min": 0.0,
  "test_max": 0.7502511143684387,
  "test_mean": 0.01966097019612789
}