{
  "train_barrier": 0.5043774545192719,
  "test_barrier": 0.5401483289897442,
  "train_min": 0.00436857296153903,
  "train_max": 0.5392950177192688,
  "train_mean": 0.23600220680236816,
  "test_min": 0.004655000288039446,
  "test_max": 0.5751330256462097,
  "test_mean": 0.2558630704879761
}