{
  "num_points": 50,
  "train_min": 0.005081388633698225,
  "train_max": 0.3255188763141632,
  "train_mean": 0.044042158871889114,
  "test_min": 0.002321042353287339,
  "test_max": 0.32297417521476746,
  "test_mean": 0.03132724389433861
}