{
  "weight_l2_distance_from_init": 8.075677871704102,
  "final_train_loss": 0.0029003580229982617
}