{
  "train_barrier": 0.22954344749450684,
  "test_barrier": 0.22968819737434387,
  "train_min": 0.029416421428322792,
  "train_max": 0.49543386697769165,
  "train_mean": 0.282462477684021,
  "test_min": 0.030775176361203194,
  "test_max": 0.4964483380317688,
  "test_mean": 0.28418007493019104
}