{
  "num_points": 50,
  "train_min": 7.493340672226623e-05,
  "train_max": 1.8344264030456543,
  "train_mean": 0.2203727662563324,
  "test_min": 9.25735366763547e-05,
  "test_max": 1.7988276481628418,
  "test_mean": 0.21576368808746338
}