{
  "num_points": 50,
  "train_min": 0.36642125248908997,
  "train_max": 4.436487674713135,
  "train_mean": 1.439947247505188,
  "test_min": 0.3365391194820404,
  "test_max": 4.1613311767578125,
  "test_mean": 1.3173141479492188
}