{
  "num_points": 50,
  "train_min": 0.005444797221571207,
  "train_max": 1.0966368913650513,
  "train_mean": 0.05834053456783295,
  "test_min": 0.004620492458343506,
  "test_max": 1.0810354948043823,
  "test_mean": 0.058408793061971664
}