{
  "weight_l2_distance_from_init": 3.636167526245117,
  "final_train_loss": 0.02456213638652116
}