{
  "num_points": 50,
  "train_min": 0.538129448890686,
  "train_max": 0.6943065524101257,
  "train_mean": 0.6269947290420532,
  "test_min": 0.5149746537208557,
  "test_max": 0.695786714553833,
  "test_mean": 0.6156758069992065
}