{
  "num_points": 50,
  "train_min": 0.005922835785895586,
  "train_max": 0.5783593058586121,
  "train_mean": 0.11448520421981812,
  "test_min": 0.004058789927512407,
  "test_max": 0.6769904494285583,
  "test_mean": 0.1318119764328003
}