{
  "train_barrier": 0.02784740924835205,
  "test_barrier": 0.04497945308685303,
  "train_min": 0.001095204846933484,
  "train_max": 1.2115068435668945,
  "train_mean": 0.8315407633781433,
  "test_min": 0.0012638488551601768,
  "test_max": 1.1708754301071167,
  "test_mean": 0.8133377432823181
}