{
  "num_points": 50,
  "train_min": 7.164865678532806e-08,
  "train_max": 1.5811489820480347,
  "train_mean": 0.06521859019994736,
  "test_min": 2.095475126751012e-09,
  "test_max": 1.5363061428070068,
  "test_mean": 0.06227382645010948
}