{
  "weight_l2_distance_from_init": 3.7208211421966553,
  "final_train_loss": 0.032930782181210816
}