{
  "num_points": 50,
  "train_min": 0.6764902472496033,
  "train_max": 3.508570671081543,
  "train_mean": 1.4085487127304077,
  "test_min": 0.6597113609313965,
  "test_max": 3.0927023887634277,
  "test_mean": 1.2999593019485474
}