{
  "eigenvalues": [
    1.2018725023700516e-17,
    7.582098298572132e-17,
    1.6142764496684297e-16,
    6.1572426357581e-17,
    1.747682749197553e-17,
    3.2368123308404258e-18,
    1.3380271756588313e-17,
    9.587508027328547e-18,
    5.187225533820599e-16,
    1.6893706850028517e-16
  ],
  "trace_estimate": 3.050613242377119e-12
}