{
  "weight_l2_distance_from_init": 8.656790733337402,
  "final_train_loss": 0.024803755688481033
}