{
  "num_points": 50,
  "train_min": 0.0005371181759983301,
  "train_max": 1.0058541297912598,
  "train_mean": 0.11875171959400177,
  "test_min": 0.0016125659458339214,
  "test_max": 0.9920904040336609,
  "test_mean": 0.11726153641939163
}