{
  "train_barrier": 0.3324217200279236,
  "test_barrier": 0.3375210762023926,
  "train_min": 0.00024340685922652483,
  "train_max": 0.6092730164527893,
  "train_mean": 0.2997426688671112,
  "test_min": 0.00036350934533402324,
  "test_max": 0.6110423803329468,
  "test_mean": 0.29944708943367004
}