{
  "train_barrier": 0.0,
  "test_barrier": 0.0,
  "train_min": 0.004103489685803652,
  "train_max": 0.0062291608192026615,
  "train_mean": 0.004667813424021006,
  "test_min": 0.0027580030728131533,
  "test_max": 0.009477712213993073,
  "test_mean": 0.004974856041371822
}