{
  "num_points": 50,
  "train_min": 0.0,
  "train_max": 0.4685589671134949,
  "train_mean": 0.009533572010695934,
  "test_min": 0.0,
  "test_max": 0.4626309275627136,
  "test_mean": 0.009402313269674778
}