{
  "train_barrier": 0.004803687334060669,
  "test_barrier": 0.009125381708145142
}