{
  "eigenvalues": [
    1.3519365485311555e-17,
    1.1840020096983948e-17,
    1.4275886261988771e-18,
    4.360321712444144e-18,
    3.6536600743691735e-18,
    5.980467852282862e-18,
    1.096269083261428e-18,
    3.0481837183150585e-17,
    5.0596127576709604e-18,
    8.450787330571438e-18
  ],
  "trace_estimate": 9.758794555054465e-14
}