{
  "num_points": 50,
  "train_min": 0.14451321959495544,
  "train_max": 0.6995701789855957,
  "train_mean": 0.42695724964141846,
  "test_min": 0.14714165031909943,
  "test_max": 0.6936850547790527,
  "test_mean": 0.4265412986278534
}