{
  "train_barrier": 0.09408698976039886,
  "test_barrier": 0.08406974375247955,
  "train_min": 0.0066878157667815685,
  "train_max": 0.2692453861236572,
  "train_mean": 0.16566629707813263,
  "test_min": 0.0064463489688932896,
  "test_max": 0.25788161158561707,
  "test_mean": 0.15970388054847717
}