{
  "weight_l2_distance_from_init": 7.37099027633667,
  "final_train_loss": 2.47792363339272e-06
}