{
  "train_barrier": 0.13732433319091797,
  "test_barrier": 0.15534645318984985,
  "train_min": 0.005021695513278246,
  "train_max": 0.6571382880210876,
  "train_mean": 0.38271740078926086,
  "test_min": 0.005198890808969736,
  "test_max": 0.6606920957565308,
  "test_mean": 0.3814109265804291
}