{
  "num_points": 50,
  "train_min": 0.004615155979990959,
  "train_max": 1.72895085811615,
  "train_mean": 0.1052507683634758,
  "test_min": 0.001851102220825851,
  "test_max": 1.6272863149642944,
  "test_mean": 0.0961797684431076
}