{
  "weight_l2_distance_from_init": 3.282900094985962,
  "final_train_loss": 0.00022389383730114787
}