{
  "eigenvalues": [
    1.969367504119873,
    2.043710231781006,
    1.5508426427841187,
    -0.0694836974143982,
    0.04778555408120155,
    -0.040845196694135666,
    -0.04097862169146538,
    -0.027796395123004913,
    -0.030261818319559097,
    -0.019249331206083298
  ],
  "trace_estimate": 5.134807913005352
}