{
  "eigenvalues": [
    6.1760053634643555,
    3.038569211959839,
    2.5184078216552734,
    0.8760045766830444,
    0.7092322111129761,
    0.1959107220172882,
    0.1695633828639984,
    0.09504102170467377,
    0.08378133922815323,
    0.05045478045940399
  ],
  "trace_estimate": 10.972883081436157
}