{
  "num_points": 50,
  "train_min": 0.0007592894835397601,
  "train_max": 8.626967430114746,
  "train_mean": 1.1030724048614502,
  "test_min": 0.0017884164117276669,
  "test_max": 7.757603645324707,
  "test_mean": 0.967884361743927
}