{
  "num_points": 50,
  "train_min": 0.004046271089464426,
  "train_max": 1.72895085811615,
  "train_mean": 0.12169234454631805,
  "test_min": 0.0035448893904685974,
  "test_max": 1.6272863149642944,
  "test_mean": 0.1138911321759224
}