{
  "weight_l2_distance_from_init": 2.8437063694000244,
  "final_train_loss": 0.0003586626462492859
}