{
  "num_points": 50,
  "train_min": 0.00035500817466527224,
  "train_max": 1.8344264030456543,
  "train_mean": 0.16871215403079987,
  "test_min": 0.0016966670518741012,
  "test_max": 1.7988276481628418,
  "test_mean": 0.1656547486782074
}