{
  "weight_l2_distance_from_init": 12.543323516845703,
  "final_train_loss": 1.2913926497049033e-06
}