{
  "eigenvalues": [
    0.11355528235435486,
    0.056348513811826706,
    0.029046429321169853,
    0.014066100120544434,
    0.008364848792552948,
    -0.0035760127939283848,
    -0.0011659229639917612,
    0.004536619875580072,
    0.0045187766663730145,
    -0.0007385938661172986
  ],
  "trace_estimate": 0.2193964935839176
}