{
  "weight_l2_distance_from_init": 11.951007843017578,
  "final_train_loss": 4.059853256421775e-05
}