{
  "num_points": 50,
  "train_min": 0.02118557132780552,
  "train_max": 0.5390245318412781,
  "train_mean": 0.07442977279424667,
  "test_min": 0.021525971591472626,
  "test_max": 0.5398846864700317,
  "test_mean": 0.07539030909538269
}