{
  "eigenvalues": [
    0.6723056435585022,
    0.4587927460670471,
    0.1335352510213852,
    0.024563990533351898,
    0.011292444542050362,
    0.009137838147580624,
    0.008946729823946953,
    0.007766573689877987,
    0.0077013191767036915,
    0.007459021173417568
  ],
  "trace_estimate": 2.3025266230106354
}