{
  "eigenvalues": [
    0.04275990650057793,
    0.035541027784347534,
    0.025365926325321198,
    0.0004052080330438912,
    0.0006105637294240296,
    0.0006832715589553118,
    0.0005764320376329124,
    0.00043159120832569897,
    0.0004489753337111324,
    0.0003235184703953564
  ],
  "trace_estimate": 0.12904977947473525
}