{
  "num_points": 50,
  "train_min": 0.002386588603258133,
  "train_max": 0.7091997265815735,
  "train_mean": 0.24250580370426178,
  "test_min": 0.0027061537839472294,
  "test_max": 0.7163729071617126,
  "test_mean": 0.24156814813613892
}