{
  "train_barrier": 2.069014996290207,
  "test_barrier": 2.28661385178566
}