{
  "eigenvalues": [
    19.132057189941406,
    17.655513763427734,
    2.0463337898254395,
    1.470824122428894,
    0.44833722710609436,
    0.3019081950187683,
    0.1490623652935028,
    0.13215819001197815,
    0.08219124376773834,
    0.072715625166893
  ],
  "trace_estimate": 43.59673070907593
}