{
  "train_barrier": 0.15268397331237793,
  "test_barrier": 0.15515320003032684,
  "train_min": 0.004942742176353931,
  "train_max": 0.250141978263855,
  "train_mean": 0.1117439717054367,
  "test_min": 0.003119443776085973,
  "test_max": 0.2530295252799988,
  "test_mean": 0.11302003264427185
}