{
  "num_points": 50,
  "train_min": 0.3666800558567047,
  "train_max": 0.7091997265815735,
  "train_mean": 0.481038361787796,
  "test_min": 0.34325292706489563,
  "test_max": 0.7163729071617126,
  "test_mean": 0.46913856267929077
}