{
  "num_points": 50,
  "train_min": 0.0698472112417221,
  "train_max": 0.695536732673645,
  "train_mean": 0.34814029932022095,
  "test_min": 0.05862307921051979,
  "test_max": 0.6940605044364929,
  "test_mean": 0.3344113230705261
}