{
  "weight_l2_distance_from_init": 4.8136420249938965,
  "final_train_loss": 0.005345110526832286
}