{
  "train_barrier": 0.2412213683128357,
  "test_barrier": 0.17859160900115967
}