{
  "train_barrier": 0.002953415270894766,
  "test_barrier": 0.003007588442414999,
  "train_min": 0.0016708686016499996,
  "train_max": 0.006557374261319637,
  "train_mean": 0.0046130819246172905,
  "test_min": 0.001690209610387683,
  "test_max": 0.006654025986790657,
  "test_mean": 0.004707470070570707
}