{
  "weight_l2_distance_from_init": 4.014924049377441,
  "final_train_loss": 0.055858012521639466
}