{
  "train_barrier": 0.04760262370109558,
  "test_barrier": 0.04641592502593994
}