{
  "eigenvalues": [
    2.00492787361145,
    1.6291531324386597,
    1.2504947185516357,
    0.15037764608860016,
    0.146124005317688,
    0.10614272952079773,
    0.08596457540988922,
    0.05455654114484787,
    0.05408545583486557,
    0.05119723454117775
  ],
  "trace_estimate": 7.7880433082580565
}