{
  "eigenvalues": [
    0.6208144426345825,
    0.42113810777664185,
    0.11740461736917496,
    0.018503818660974503,
    0.007702474948018789,
    0.007162864785641432,
    0.006721526384353638,
    0.0071115815080702305,
    0.007050164043903351,
    0.006669554393738508
  ],
  "trace_estimate": 1.2961973309516908
}