{
  "train_barrier": 0.3930884897708893,
  "test_barrier": 0.3948153629899025,
  "train_min": 1.7271102478844114e-05,
  "train_max": 0.4571872651576996,
  "train_mean": 0.18170002102851868,
  "test_min": 4.8516107199247926e-05,
  "test_max": 0.4613500237464905,
  "test_mean": 0.1844339817762375
}