{
  "num_points": 50,
  "train_min": 0.005268635228276253,
  "train_max": 1.7272288799285889,
  "train_mean": 0.10209165513515472,
  "test_min": 0.0007049806881695986,
  "test_max": 1.6262173652648926,
  "test_mean": 0.09191454201936722
}