{
  "train_barrier": 0.41395823657512665,
  "test_barrier": 0.4163750410079956,
  "train_min": 0.0002487467136234045,
  "train_max": 0.6027274131774902,
  "train_mean": 0.2693834900856018,
  "test_min": 0.0007154347840696573,
  "test_max": 0.6039087772369385,
  "test_mean": 0.26755356788635254
}