{
  "eigenvalues": [
    0.020296307280659676,
    0.010694986209273338,
    0.005827058106660843,
    0.001485646702349186,
    0.0011482802219688892,
    0.0007998868240974844,
    0.0007443375652655959,
    0.0005872920155525208,
    -0.00016190065070986748,
    -0.0006081826286390424
  ],
  "trace_estimate": 0.05588996484875679
}