{
  "train_barrier": 0.37702880054712296,
  "test_barrier": 0.3799077644944191,
  "train_min": 9.767443407326937e-05,
  "train_max": 0.47798481583595276,
  "train_mean": 0.20922304689884186,
  "test_min": 0.00023278816661331803,
  "test_max": 0.4827946722507477,
  "test_mean": 0.21155108511447906
}