{
  "num_points": 50,
  "train_min": 0.004949523136019707,
  "train_max": 0.636292576789856,
  "train_mean": 0.08051647245883942,
  "test_min": 0.00523130688816309,
  "test_max": 0.7075202465057373,
  "test_mean": 0.10227914899587631
}