{
  "num_points": 50,
  "train_min": 0.11896929889917374,
  "train_max": 5.567378044128418,
  "train_mean": 1.1753721237182617,
  "test_min": 0.11174052953720093,
  "test_max": 5.5239152908325195,
  "test_mean": 1.1304641962051392
}