{
  "eigenvalues": [
    1.1032071113586426,
    0.46298912167549133,
    0.3327289819717407,
    0.10946331918239594,
    0.03372839093208313,
    0.01281757652759552,
    0.011679515242576599,
    0.011064868420362473,
    0.00515731843188405,
    0.006348347291350365
  ],
  "trace_estimate": 2.1065809667110442
}