{
  "num_points": 50,
  "train_min": 2.2052365238778293e-05,
  "train_max": 12.850495338439941,
  "train_mean": 2.792168378829956,
  "test_min": 0.0002966068568639457,
  "test_max": 22.000268936157227,
  "test_mean": 5.198894500732422
}