{
  "eigenvalues": [
    0.5990016460418701,
    0.10592081397771835,
    0.07469670474529266,
    0.06493117660284042,
    0.03431098908185959,
    0.013731023296713829,
    0.0075410776771605015,
    0.006482725031673908,
    0.006098950747400522,
    0.005945305339992046
  ],
  "trace_estimate": 1.4209933385252953
}