{
  "train_barrier": 0.046525001525878906,
  "test_barrier": 0.04673969745635986,
  "train_min": 0.006746856961399317,
  "train_max": 1.268616795539856,
  "train_mean": 0.6248904466629028,
  "test_min": 0.00675508426502347,
  "test_max": 1.3496841192245483,
  "test_mean": 0.6707642674446106
}