{
  "weight_l2_distance_from_init": 10.95749282836914,
  "final_train_loss": 4.886531659309412e-07
}