{
  "train_barrier": 0.008312086574733257,
  "test_barrier": 0.0072146691381931305,
  "train_min": 0.009214664809405804,
  "train_max": 0.021699046716094017,
  "train_mean": 0.01598423346877098,
  "test_min": 0.007452768739312887,
  "test_max": 0.019406670704483986,
  "test_mean": 0.013889068737626076
}