{
  "eigenvalues": [
    0.10841382294893265,
    0.05908981338143349,
    0.05102590471506119,
    0.010719627141952515,
    0.007614158559590578,
    0.004173623397946358,
    0.0007382138865068555,
    0.0006794612854719162,
    0.0006159535842016339,
    0.0005505242152139544
  ],
  "trace_estimate": 0.2999462399631739
}