{
  "num_points": 50,
  "train_min": 0.22778251767158508,
  "train_max": 0.8112914562225342,
  "train_mean": 0.3860318660736084,
  "test_min": 0.2161966860294342,
  "test_max": 0.742821455001831,
  "test_mean": 0.36073026061058044
}