{
  "weight_l2_distance_from_init": 2.147190570831299,
  "final_train_loss": 0.0017767743265721947
}