{
  "train_barrier": 0.0017530281329527497,
  "test_barrier": 0.0028739655972458422,
  "train_min": 0.0003947159566450864,
  "train_max": 0.0023780055344104767,
  "train_mean": 0.001381228445097804,
  "test_min": 0.0005458464729599655,
  "test_max": 0.003728921292349696,
  "test_mean": 0.002201696392148733
}