{
  "weight_l2_distance_from_init": 1.7482417821884155,
  "final_train_loss": 0.001095204868761357
}