{
  "eigenvalues": [
    0.6181565523147583,
    0.4359320402145386,
    0.10053479671478271,
    0.05381764471530914,
    0.019295182079076767,
    0.008971914649009705,
    0.00537826307117939,
    0.002474046777933836,
    0.0019640508107841015,
    0.0015388487372547388
  ],
  "trace_estimate": 0.9007398977875709
}