{
  "num_points": 50,
  "train_min": 0.2948264479637146,
  "train_max": 0.6957595348358154,
  "train_mean": 0.5236808061599731,
  "test_min": 0.2837725877761841,
  "test_max": 0.6994041204452515,
  "test_mean": 0.5199166536331177
}