{
  "train_barrier": 0.4851610064506531,
  "test_barrier": 0.48695898056030273,
  "train_min": 3.504615278870915e-06,
  "train_max": 0.9899802207946777,
  "train_mean": 0.5995001792907715,
  "test_min": 1.0780458978842944e-05,
  "test_max": 0.9723330736160278,
  "test_mean": 0.587585985660553
}