{
  "train_barrier": 0.000555004458874464,
  "test_barrier": 0.0,
  "train_min": 0.004714198876172304,
  "train_max": 0.005953271873295307,
  "train_mean": 0.005449458956718445,
  "test_min": 0.0036193968262523413,
  "test_max": 0.004454176872968674,
  "test_mean": 0.003889586543664336
}