{
  "weight_l2_distance_from_init": 3.453003168106079,
  "final_train_loss": 0.005021695513278246
}