{
  "train_barrier": 0.045217424631118774,
  "test_barrier": 0.04062849283218384
}