{
  "eigenvalues": [
    2.085052967071533,
    1.2858874797821045,
    0.3294370770454407,
    0.1434364914894104,
    0.09283207356929779,
    0.04704350233078003,
    0.010586478747427464,
    0.028743982315063477,
    0.03282000496983528,
    -0.012851417995989323
  ],
  "trace_estimate": 3.406180900335312
}