{
  "train_barrier": 0.0,
  "test_barrier": 0.0,
  "train_min": 0.0006073507247492671,
  "train_max": 0.006773637607693672,
  "train_mean": 0.002521025948226452,
  "test_min": 0.0007976373890414834,
  "test_max": 0.00858389027416706,
  "test_mean": 0.0034987889230251312
}