{
  "num_points": 50,
  "train_min": 0.19068636000156403,
  "train_max": 0.7647358775138855,
  "train_mean": 0.42610087990760803,
  "test_min": 0.2168762981891632,
  "test_max": 0.8192052841186523,
  "test_mean": 0.4354685842990875
}