{
  "eigenvalues": [
    0.3350512385368347,
    0.15806609392166138,
    0.11860927939414978,
    0.03327595442533493,
    0.021747000515460968,
    0.001005559810437262,
    0.0010475079761818051,
    -0.0007831963594071567,
    0.001871469896286726,
    0.00039132486563175917
  ],
  "trace_estimate": 0.9037320092320442
}