{
  "train_barrier": 0.0,
  "test_barrier": 0.0,
  "train_min": 0.6905791759490967,
  "train_max": 0.7136163115501404,
  "train_mean": 0.6950992941856384,
  "test_min": 0.6914803981781006,
  "test_max": 0.7176144123077393,
  "test_mean": 0.6963958740234375
}