{
  "num_points": 50,
  "train_min": 0.17267560958862305,
  "train_max": 17.299850463867188,
  "train_mean": 2.6062967777252197,
  "test_min": 0.12351693212985992,
  "test_max": 15.254518508911133,
  "test_mean": 2.308929681777954
}