{
  "weight_l2_distance_from_init": 1.688275694847107,
  "final_train_loss": 0.003954061837248446
}