{
  "num_points": 50,
  "train_min": 0.6418599486351013,
  "train_max": 1827.425048828125,
  "train_mean": 455.02789306640625,
  "test_min": 0.6591282486915588,
  "test_max": 1838.40478515625,
  "test_mean": 457.9668273925781
}