{
  "eigenvalues": [
    0.08809966593980789,
    0.08867652714252472,
    0.009486265480518341,
    0.004051957745105028,
    0.002649547066539526,
    0.0020308648236095905,
    0.0020384809467941523,
    0.001836380222812295,
    0.001692068064585328,
    0.0015400786651298404
  ],
  "trace_estimate": 0.26540547609329224
}