{
  "num_points": 50,
  "train_min": 0.16372619569301605,
  "train_max": 0.6995701789855957,
  "train_mean": 0.4432237148284912,
  "test_min": 0.1645989567041397,
  "test_max": 0.6936850547790527,
  "test_mean": 0.44145309925079346
}