{
  "train_barrier": 0.6077783703804016,
  "test_barrier": 0.6218597590923309,
  "train_min": 6.139740435173735e-05,
  "train_max": 1.0024080276489258,
  "train_mean": 0.41282469034194946,
  "test_min": 0.0001466374087613076,
  "test_max": 0.9966732859611511,
  "test_mean": 0.40654969215393066
}