{
  "train_barrier": 0.28062546253204346,
  "test_barrier": 0.2801160030066967,
  "train_min": 0.002094875555485487,
  "train_max": 0.30184870958328247,
  "train_mean": 0.0766458809375763,
  "test_min": 0.0015702418750151992,
  "test_max": 0.30432742834091187,
  "test_mean": 0.07747958600521088
}