{
  "train_barrier": 0.4758015275001526,
  "test_barrier": 0.4542941451072693,
  "train_min": 0.002608316484838724,
  "train_max": 1.1177927255630493,
  "train_mean": 0.6954596638679504,
  "test_min": 0.0028571963775902987,
  "test_max": 1.0970280170440674,
  "test_mean": 0.6830973029136658
}