{
  "eigenvalues": [
    0.005729373078793287,
    0.0015759877860546112,
    0.0006916318088769913,
    0.0004216186353005469,
    0.0003594709269236773,
    0.00021399991237558424,
    0.00015785539289936423,
    0.00013552355812862515,
    0.00010448120156070217,
    5.9047968534287065e-05
  ],
  "trace_estimate": 0.010176680469885468
}