{
  "eigenvalues": [
    0.25771284103393555,
    0.12096811830997467,
    0.0683685690164566,
    0.0222438033670187,
    0.00225859135389328,
    -0.00014763892977498472,
    -0.00025751444627530873,
    0.0006426504114642739,
    -0.0006869257194921374,
    0.0006050631636753678
  ],
  "trace_estimate": 0.5088288471102714
}