{
  "num_points": 50,
  "train_min": 0.2707223892211914,
  "train_max": 0.6966075301170349,
  "train_mean": 0.5191411972045898,
  "test_min": 0.2775562107563019,
  "test_max": 0.6931582689285278,
  "test_mean": 0.5221236944198608
}