{
  "weight_l2_distance_from_init": 6.250815391540527,
  "final_train_loss": 0.0014750034752069041
}