{
  "train_barrier": 0.004127241671085358,
  "test_barrier": 0.003999646753072739
}