{
  "weight_l2_distance_from_init": 2.362755060195923,
  "final_train_loss": 0.001189609964058036
}