{
  "eigenvalues": [
    0.04184286296367645,
    0.035336658358573914,
    0.025029927492141724,
    0.00044118051300756633,
    0.0006736144423484802,
    0.00025626906426623464,
    0.0005443708505481482,
    0.000551521428860724,
    0.0002136650145985186,
    0.0002994120877701789
  ],
  "trace_estimate": 0.16097642816603183
}