{
  "num_points": 50,
  "train_min": 0.25431180000305176,
  "train_max": 0.8379851579666138,
  "train_mean": 0.5142984390258789,
  "test_min": 0.2449156939983368,
  "test_max": 0.7764859199523926,
  "test_mean": 0.4872047007083893
}