{
  "weight_l2_distance_from_init": 1.2947022914886475,
  "final_train_loss": 0.0002180907858928549
}