{
  "train_barrier": 3.6901183193549514e-05,
  "test_barrier": 3.100436879321933e-05,
  "train_min": 0.00022044569777790457,
  "train_max": 0.000395563809433952,
  "train_mean": 0.00035157150705344975,
  "test_min": 0.0003554140275809914,
  "test_max": 0.000505228410474956,
  "test_mean": 0.00046318979002535343
}