{
  "weight_l2_distance_from_init": 7.777275085449219,
  "final_train_loss": 0.0006874818900541868
}