{
  "eigenvalues": [
    0.6868407726287842,
    0.5038007497787476,
    0.1475309282541275,
    0.02750386856496334,
    0.012351294048130512,
    0.01014349889010191,
    0.009848903864622116,
    0.010675778612494469,
    0.00871362816542387,
    0.008016780018806458
  ],
  "trace_estimate": 1.9487243473529816
}