{
  "num_points": 50,
  "train_min": 0.003961952868849039,
  "train_max": 485.3320617675781,
  "train_mean": 100.15898132324219,
  "test_min": 0.0024929095525294542,
  "test_max": 421.48504638671875,
  "test_mean": 86.15955352783203
}