{
  "num_points": 50,
  "train_min": 0.00492605147883296,
  "train_max": 0.9903154373168945,
  "train_mean": 0.16870266199111938,
  "test_min": 0.0019105294486507773,
  "test_max": 0.9545542001724243,
  "test_mean": 0.1616864800453186
}