{
  "weight_l2_distance_from_init": 1.480251669883728,
  "final_train_loss": 0.00011692628822856932
}