{
  "eigenvalues": [
    0.02250976674258709,
    0.004958963021636009,
    0.004571843426674604,
    0.0032401650678366423,
    0.0017344895750284195,
    0.0009842569706961513,
    0.000753929081838578,
    -0.0006828730111010373,
    0.0006020450964570045,
    0.0005946411401964724
  ],
  "trace_estimate": 0.05784716419875622
}