{
  "num_points": 50,
  "train_min": 0.0014723464846611023,
  "train_max": 0.615117609500885,
  "train_mean": 0.13866712152957916,
  "test_min": 0.0016593619948253036,
  "test_max": 0.6182551383972168,
  "test_mean": 0.1386980265378952
}