{
  "train_barrier": 0.08225381560623646,
  "test_barrier": 0.08238565549254417,
  "train_min": 0.01571974717080593,
  "train_max": 0.10260991752147675,
  "train_mean": 0.05249013006687164,
  "test_min": 0.016604550182819366,
  "test_max": 0.10338018834590912,
  "test_mean": 0.05250159651041031
}