{
  "num_points": 50,
  "train_min": 0.3104076385498047,
  "train_max": 0.8112914562225342,
  "train_mean": 0.4780253469944,
  "test_min": 0.3369022607803345,
  "test_max": 0.8607763648033142,
  "test_mean": 0.5174826979637146
}