{
  "num_points": 50,
  "train_min": 0.04300083592534065,
  "train_max": 1.1106178760528564,
  "train_mean": 0.28735172748565674,
  "test_min": 0.0470915287733078,
  "test_max": 1.0372319221496582,
  "test_mean": 0.28382912278175354
}