{
  "num_points": 50,
  "train_min": 0.010007612407207489,
  "train_max": 1.1121841669082642,
  "train_mean": 0.17571921646595,
  "test_min": 0.0028837837744504213,
  "test_max": 1.0734128952026367,
  "test_mean": 0.16841575503349304
}