{
  "train_barrier": 0.20007843896746635,
  "test_barrier": 0.1974564790725708,
  "train_min": 0.0001427195966243744,
  "train_max": 0.2573547661304474,
  "train_mean": 0.10790830850601196,
  "test_min": 0.0002119085256708786,
  "test_max": 0.25758227705955505,
  "test_mean": 0.10787362605333328
}