{
  "num_points": 50,
  "train_min": 0.5949740409851074,
  "train_max": 2.5524065494537354,
  "train_mean": 1.9823718070983887,
  "test_min": 0.5555570125579834,
  "test_max": 2.1950323581695557,
  "test_mean": 1.7189114093780518
}