{
  "num_points": 50,
  "train_min": 0.0,
  "train_max": 0.9317774176597595,
  "train_mean": 0.019094087183475494,
  "test_min": 0.0,
  "test_max": 0.9278064370155334,
  "test_mean": 0.019066352397203445
}