{
  "weight_l2_distance_from_init": 3.3357670307159424,
  "final_train_loss": 0.006897942541399971
}