{
  "num_points": 50,
  "train_min": 0.0,
  "train_max": 1.1265054941177368,
  "train_mean": 0.02255530096590519,
  "test_min": 0.0,
  "test_max": 1.1287801265716553,
  "test_mean": 0.026790032163262367
}