{
  "weight_l2_distance_from_init": 8.1142578125,
  "final_train_loss": 0.009101624746108428
}