{
  "weight_l2_distance_from_init": 14.554805755615234,
  "final_train_loss": 3.432354132026916e-07
}