{
  "num_points": 50,
  "train_min": 0.0042391614988446236,
  "train_max": 595.4498901367188,
  "train_mean": 120.04064178466797,
  "test_min": 0.0040205721743404865,
  "test_max": 659.900634765625,
  "test_mean": 133.59991455078125
}