{
  "train_barrier": 0.004111634392756969,
  "test_barrier": 0.0038858585758134723,
  "train_min": 2.4779237719485536e-06,
  "train_max": 0.0048685697838664055,
  "train_mean": 0.0017366544343531132,
  "test_min": 1.6943242371780798e-05,
  "test_max": 0.005052503664046526,
  "test_mean": 0.0019260899862274528
}