{
  "train_barrier": 0.004699074663221836,
  "test_barrier": 0.005518373101949692,
  "train_min": 0.00466930540278554,
  "train_max": 0.011468527838587761,
  "train_mean": 0.00778472563251853,
  "test_min": 0.002899628132581711,
  "test_max": 0.00926636066287756,
  "test_mean": 0.005345330573618412
}