{
  "eigenvalues": [
    0.31600505113601685,
    0.22668668627738953,
    0.11422397941350937,
    0.034375570714473724,
    0.022776443511247635,
    0.0004808878293260932,
    0.0042159464210271835,
    -0.0018694354221224785,
    0.0045718057081103325,
    0.0034447857178747654
  ],
  "trace_estimate": 0.7345303744077682
}