{
  "eigenvalues": [
    4.268319129943848,
    2.3336548805236816,
    1.5161399841308594,
    0.20610836148262024,
    0.20505152642726898,
    0.1383838653564453,
    0.13860106468200684,
    0.0786769688129425,
    0.07140856981277466,
    0.06479784846305847
  ],
  "trace_estimate": 13.355185604095459
}