{
  "num_points": 50,
  "train_min": 0.6649343371391296,
  "train_max": 7729.06494140625,
  "train_mean": 1881.412841796875,
  "test_min": 0.6580600738525391,
  "test_max": 7918.2646484375,
  "test_mean": 1923.5235595703125
}