{
  "num_points": 50,
  "train_min": 0.004604932852089405,
  "train_max": 1.17349374294281,
  "train_mean": 0.4395207464694977,
  "test_min": 0.0015866863541305065,
  "test_max": 1.1612581014633179,
  "test_mean": 0.43673765659332275
}