{
  "eigenvalues": [
    0.21679309010505676,
    0.1345556378364563,
    0.04935667663812637,
    0.03009643778204918,
    0.022390812635421753,
    0.018623383715748787,
    0.01690094918012619,
    0.015483309514820576,
    0.01549886167049408,
    0.014944512397050858
  ],
  "trace_estimate": 0.7374935299158096
}