{
  "eigenvalues": [
    1.0576106309890747,
    0.9097096920013428,
    0.8128547668457031,
    0.16808348894119263,
    0.09797712415456772,
    0.10134291648864746,
    0.06944271177053452,
    0.06523334980010986,
    0.052666015923023224,
    0.042190082371234894
  ],
  "trace_estimate": 4.229512095451355
}