{
  "eigenvalues": [
    0.3576287031173706,
    0.16269786655902863,
    0.11330173164606094,
    0.06562003493309021,
    0.016581743955612183,
    0.005748371593654156,
    0.0019401507452130318,
    0.004672897048294544,
    0.004004249349236488,
    0.0036879207473248243
  ],
  "trace_estimate": 0.6498675540089607
}