{
  "eigenvalues": [
    1.4161765575408936,
    0.6812539100646973,
    0.2609867453575134,
    0.10465216636657715,
    0.05513569712638855,
    0.02261587418615818,
    0.019673500210046768,
    0.010610751807689667,
    0.015539775602519512,
    0.015092320740222931
  ],
  "trace_estimate": 3.0541292905807493
}