{
  "train_barrier": 0.15176647901535034,
  "test_barrier": 0.14631891250610352
}