{
  "eigenvalues": [
    0.19594353437423706,
    0.025354869663715363,
    0.02034629136323929,
    0.010097531601786613,
    0.006935047451406717,
    0.004773514345288277,
    -0.001024673692882061,
    0.004004235379397869,
    0.003270678222179413,
    0.0033308607526123524
  ],
  "trace_estimate": 0.3040694534778595
}