{
  "num_points": 50,
  "train_min": 3.704917332925106e-07,
  "train_max": 0.9162028431892395,
  "train_mean": 0.0328638032078743,
  "test_min": 3.7136484820621263e-07,
  "test_max": 0.9101574420928955,
  "test_mean": 0.0325435996055603
}