{
  "train_barrier": 0.0,
  "test_barrier": 0.0,
  "train_min": 0.001606627949513495,
  "train_max": 0.010785963386297226,
  "train_mean": 0.004415559116750956,
  "test_min": 0.0017764504300430417,
  "test_max": 0.01380995474755764,
  "test_mean": 0.004606721457093954
}