{
  "eigenvalues": [
    0.12356442213058472,
    0.023411627858877182,
    0.01957373321056366,
    0.012014107778668404,
    0.010477421805262566,
    0.008160879835486412,
    0.007536455988883972,
    0.006948838010430336,
    0.005972462706267834,
    0.004831764847040176
  ],
  "trace_estimate": 0.29644751995801927
}