{
  "weight_l2_distance_from_init": 2.096174716949463,
  "final_train_loss": 0.0016542509256396443
}