{
  "weight_l2_distance_from_init": 30.26616668701172,
  "final_train_loss": 1.2383714693697812e-06
}