{
  "num_points": 50,
  "train_min": 1.80443615604986e-09,
  "train_max": 2.1538021564483643,
  "train_mean": 0.07148687541484833,
  "test_min": 1.252519268746255e-06,
  "test_max": 2.112994909286499,
  "test_mean": 0.1124623566865921
}