{
  "num_points": 50,
  "train_min": 0.0025546171236783266,
  "train_max": 0.6990423798561096,
  "train_mean": 0.18667083978652954,
  "test_min": 0.002529857447370887,
  "test_max": 0.6954511404037476,
  "test_mean": 0.18230457603931427
}