{
  "train_barrier": 0.5127700716257095,
  "test_barrier": 0.508667528629303,
  "train_min": 0.0021347866859287024,
  "train_max": 0.584959864616394,
  "train_mean": 0.2093520313501358,
  "test_min": 0.0013265504967421293,
  "test_max": 0.5834013223648071,
  "test_mean": 0.2113552987575531
}