{
  "num_points": 50,
  "train_min": 0.0,
  "train_max": 0.48238426446914673,
  "train_mean": 0.012295360676944256,
  "test_min": 0.0,
  "test_max": 0.48187729716300964,
  "test_mean": 0.012185513973236084
}