{
  "num_points": 50,
  "train_min": 0.1263550966978073,
  "train_max": 0.7166609764099121,
  "train_mean": 0.3093687891960144,
  "test_min": 0.11169108003377914,
  "test_max": 0.7226998209953308,
  "test_mean": 0.2957378923892975
}