{
  "eigenvalues": [
    0.003208647482097149,
    0.00145454122684896,
    0.0008921588305383921,
    0.0003008464991580695,
    0.00020355009473860264,
    7.204939902294427e-05,
    5.162800516700372e-05,
    4.3301879486534745e-05,
    2.4632901840959676e-05,
    2.068213143502362e-05
  ],
  "trace_estimate": 0.006653251405805349
}