{
  "weight_l2_distance_from_init": 2.5290207862854004,
  "final_train_loss": 0.003603958844905719
}