{
  "weight_l2_distance_from_init": 1.8099949359893799,
  "final_train_loss": 2.862963484595582e-05
}