{
  "num_points": 50,
  "train_min": 0.004841515328735113,
  "train_max": 66.98369598388672,
  "train_mean": 10.413147926330566,
  "test_min": 0.006659531965851784,
  "test_max": 61.37446975708008,
  "test_mean": 9.159409523010254
}