{
  "weight_l2_distance_from_init": 3.4266889095306396,
  "final_train_loss": 4.627963324344009e-06
}