{
  "num_points": 50,
  "train_min": 0.6491091847419739,
  "train_max": 8.88769817352295,
  "train_mean": 2.4929299354553223,
  "test_min": 0.6587534546852112,
  "test_max": 8.388629913330078,
  "test_mean": 2.343759536743164
}