{
  "eigenvalues": [
    0.022947054356336594,
    0.007676953449845314,
    0.00013716753164771944,
    -2.668275556061417e-08,
    3.1151314033195376e-05,
    4.460084710444789e-06,
    -3.335287374284235e-06,
    7.675431561438018e-07,
    3.7141571738175116e-06,
    3.959182777180104e-06
  ],
  "trace_estimate": 0.025814436515793203
}