{
  "eigenvalues": [
    0.0017067436128854752,
    0.0008578969864174724,
    0.00024219178885687143,
    2.8190702323627193e-06,
    3.984971044701524e-06,
    1.3439071153698023e-06,
    3.467761416686699e-06,
    3.0912265174265485e-06,
    1.2281132057978539e-06,
    2.041183051915141e-06
  ],
  "trace_estimate": 0.004170341952703893
}