{
  "train_barrier": 0.9673630893230438,
  "test_barrier": 0.969172939658165,
  "train_min": 0.00047229521442204714,
  "train_max": 1.2290316820144653,
  "train_mean": 0.4801720380783081,
  "test_min": 0.000697492971085012,
  "test_max": 1.2143149375915527,
  "test_mean": 0.47345417737960815
}