{
  "train_barrier": 0.0,
  "test_barrier": 0.0,
  "train_min": 0.0003179228806402534,
  "train_max": 0.000542790221516043,
  "train_mean": 0.00042682941420935094,
  "test_min": 0.0006150342524051666,
  "test_max": 0.0010403620544821024,
  "test_mean": 0.0006898158462718129
}