{
  "weight_l2_distance_from_init": 2.3640620708465576,
  "final_train_loss": 0.001189208727737423
}