{
  "num_points": 50,
  "train_min": 9.822121501201764e-05,
  "train_max": 0.9747805595397949,
  "train_mean": 0.05005725473165512,
  "test_min": 4.111850557819707e-06,
  "test_max": 0.9224490523338318,
  "test_mean": 0.039740897715091705
}