{
  "eigenvalues": [
    0.08742732554674149,
    0.06866879761219025,
    0.03312354162335396,
    0.01203124225139618,
    0.004091390408575535,
    0.0028806673362851143,
    0.0006086834473535419,
    0.0005978388944640756,
    0.0005891491891816258,
    0.0005183648900128901
  ],
  "trace_estimate": 0.2318230178207159
}