{
  "train_barrier": 0.3245260715484619,
  "test_barrier": 0.3366895914077759,
  "train_min": 0.08101639151573181,
  "train_max": 0.6088733673095703,
  "train_mean": 0.38325199484825134,
  "test_min": 0.08067020773887634,
  "test_max": 0.6234760284423828,
  "test_mean": 0.3899780511856079
}