{
  "eigenvalues": [
    0.1224343478679657,
    0.06890647113323212,
    0.06588876992464066,
    0.014233006164431572,
    0.004466435872018337,
    0.004080474376678467,
    0.0038363656494766474,
    0.0034275774378329515,
    0.002702855272218585,
    0.002523784525692463
  ],
  "trace_estimate": 0.35873202681541444
}