{
  "num_points": 50,
  "train_min": 0.6507354378700256,
  "train_max": 2.8763434886932373,
  "train_mean": 1.2271827459335327,
  "test_min": 0.6458837389945984,
  "test_max": 2.894425868988037,
  "test_mean": 1.2508403062820435
}