{
  "num_points": 50,
  "train_min": 0.004140638746321201,
  "train_max": 1.318554401397705,
  "train_mean": 0.09774068742990494,
  "test_min": 0.002625174354761839,
  "test_max": 1.2032803297042847,
  "test_mean": 0.09419894963502884
}