{
  "eigenvalues": [
    0.025415468961000443,
    0.010612430982291698,
    0.006252744235098362,
    0.0017879228107631207,
    0.0009785324800759554,
    0.000459106988273561,
    -0.0001863674260675907,
    -0.00018198296311311424,
    0.0002863843401428312,
    -0.00018743902910500765
  ],
  "trace_estimate": 0.044143840111792086
}