{
  "eigenvalues": [
    0.5063520669937134,
    0.2280254065990448,
    0.14510807394981384,
    0.03207481652498245,
    0.013306969776749611,
    0.007111974060535431,
    0.004655076656490564,
    0.004212965257465839,
    0.0038351481780409813,
    0.004006547853350639
  ],
  "trace_estimate": 1.121664011478424
}