{
  "train_barrier": 0.09832781553268433,
  "test_barrier": 0.09920120239257812
}