{
  "weight_l2_distance_from_init": 0.2610483765602112,
  "final_train_loss": 0.6905791983008385
}