{
  "num_points": 50,
  "train_min": 0.002519470639526844,
  "train_max": 1.8524417877197266,
  "train_mean": 0.2608136832714081,
  "test_min": 0.012476065196096897,
  "test_max": 1.8408557176589966,
  "test_mean": 0.2613976299762726
}