{
  "train_barrier": 0.0008652880794102202,
  "test_barrier": 0.0008601036394111361,
  "train_min": 7.747438530714135e-07,
  "train_max": 0.0008661944302730262,
  "train_mean": 0.0001338704751105979,
  "test_min": 7.753259296805481e-07,
  "test_max": 0.0008610219229012728,
  "test_mean": 0.0001322035095654428
}