{
  "weight_l2_distance_from_init": 2.2433950901031494,
  "final_train_loss": 0.00024874670862118364
}