{
  "num_points": 50,
  "train_min": 2.328305881427184e-10,
  "train_max": 0.4412921667098999,
  "train_mean": 0.013867379166185856,
  "test_min": 6.752077119642763e-09,
  "test_max": 0.46144768595695496,
  "test_mean": 0.014427526853978634
}