{
  "num_points": 50,
  "train_min": 5.231787508819252e-05,
  "train_max": 0.8441465497016907,
  "train_mean": 0.035917218774557114,
  "test_min": 0.0004432254936546087,
  "test_max": 0.840680718421936,
  "test_mean": 0.053707417100667953
}