{
  "eigenvalues": [
    12.050081253051758,
    7.488420009613037,
    1.2114558219909668,
    0.6755858659744263,
    0.2551761865615845,
    0.19256748259067535,
    0.09305417537689209,
    0.0708712637424469,
    0.05560121312737465,
    0.050762906670570374
  ],
  "trace_estimate": 12.438245725631713
}