{
  "eigenvalues": [
    0.1464342474937439,
    0.0716649740934372,
    0.05605211853981018,
    0.015286492183804512,
    0.00600831676274538,
    0.0020340115297585726,
    0.0011984657030552626,
    0.0011281596962362528,
    -0.0010727517073974013,
    -0.0010450581321492791
  ],
  "trace_estimate": 0.3415658861398697
}