{
  "weight_l2_distance_from_init": 25.21038246154785,
  "final_train_loss": 0.001803727527161847
}