{
  "eigenvalues": [
    0.09207215905189514,
    0.07487254589796066,
    0.0486372634768486,
    0.012815466150641441,
    0.010520433075726032,
    0.00193283730186522,
    0.00036169608938507736,
    0.0003367058525327593,
    0.00019446329679340124,
    -0.00010024208313552663
  ],
  "trace_estimate": 0.2444044105708599
}