{
  "train_barrier": 0.13137565180659294,
  "test_barrier": 0.13957693427801132,
  "train_min": 0.002900357823818922,
  "train_max": 0.1557167023420334,
  "train_mean": 0.0605609230697155,
  "test_min": 0.002958680735900998,
  "test_max": 0.16414859890937805,
  "test_mean": 0.06336210668087006
}