{
  "eigenvalues": [
    0.009786248207092285,
    0.006474148016422987,
    0.0031866137869656086,
    0.00022436579456552863,
    0.00020337631576694548,
    0.00024350653984583914,
    0.00022288192121777683,
    0.00024789533927105367,
    0.0002420127420919016,
    0.00022791350784245878
  ],
  "trace_estimate": 0.029324493557214736
}