{
  "eigenvalues": [
    1.1855831146240234,
    0.39363569021224976,
    0.2747703194618225,
    0.12606006860733032,
    0.03826887533068657,
    0.011357566341757774,
    0.010913150385022163,
    0.008107525296509266,
    -0.00456573162227869,
    0.0010691097704693675
  ],
  "trace_estimate": 1.6501496970653533
}