{
  "eigenvalues": [
    0.004121973179280758,
    0.002469660248607397,
    0.0014276460278779268,
    0.0005804956308566034,
    0.00036232496495358646,
    0.00027470901841297746,
    0.00013783606118522584,
    0.00011624783655861393,
    8.216395508497953e-05,
    5.752169818151742e-05
  ],
  "trace_estimate": 0.005680111632682383
}