{
  "train_barrier": 0.0,
  "test_barrier": 0.0,
  "train_min": 0.0017767742974683642,
  "train_max": 1.7318209409713745,
  "train_mean": 0.9217454791069031,
  "test_min": 0.0019475300796329975,
  "test_max": 1.6544972658157349,
  "test_mean": 0.8970217108726501
}