{
  "train_barrier": 0.042295263745472766,
  "test_barrier": 0.03911015659105033,
  "train_min": 0.0,
  "train_max": 0.04251375049352646,
  "train_mean": 0.008810192346572876,
  "test_min": 1.396983417834008e-09,
  "test_max": 0.0396147295832634,
  "test_mean": 0.008205870166420937
}