{
  "train_barrier": 0.0003401990979909897,
  "test_barrier": 0.0,
  "train_min": 0.004790670238435268,
  "train_max": 0.006439601071178913,
  "train_mean": 0.005881975404918194,
  "test_min": 0.00269368221051991,
  "test_max": 0.004024985712021589,
  "test_mean": 0.003167622722685337
}