{
  "eigenvalues": [
    0.2673245668411255,
    0.14736640453338623,
    0.13108283281326294,
    0.017235074192285538,
    0.015201925300061703,
    0.010810554027557373,
    0.009767338633537292,
    0.0091669000685215,
    0.007233754266053438,
    0.007548317778855562
  ],
  "trace_estimate": 0.634914654493332
}