{
  "train_barrier": 0.011774222366511822,
  "test_barrier": 0.000705428421497345
}