{
  "train_barrier": 0.4620105270005297,
  "test_barrier": 0.4597009172430262,
  "train_min": 0.0,
  "train_max": 0.46245163679122925,
  "train_mean": 0.09401348978281021,
  "test_min": 1.396983417834008e-09,
  "test_max": 0.4604853391647339,
  "test_mean": 0.0922708660364151
}