{
  "num_points": 50,
  "train_min": 0.0004015229642391205,
  "train_max": 1.1925790309906006,
  "train_mean": 0.16347333788871765,
  "test_min": 0.0006608023541048169,
  "test_max": 0.9544537663459778,
  "test_mean": 0.14931383728981018
}