{
  "weight_l2_distance_from_init": 1.7107374668121338,
  "final_train_loss": 0.0012124930253776256
}