{
  "train_barrier": 0.4089328497648239,
  "test_barrier": 0.40187638998031616,
  "train_min": 0.0033310195431113243,
  "train_max": 0.5951149463653564,
  "train_mean": 0.2660175561904907,
  "test_min": 0.002211272483691573,
  "test_max": 0.5897455215454102,
  "test_mean": 0.264045774936676
}