{
  "weight_l2_distance_from_init": 1.5280089378356934,
  "final_train_loss": 0.004903780911263311
}