{
  "train_barrier": 0.0007960645016282797,
  "test_barrier": 0.001011767191812396,
  "train_min": 0.000578861334361136,
  "train_max": 0.002279088133946061,
  "train_mean": 0.0016455864533782005,
  "test_min": 0.0007195473299361765,
  "test_max": 0.002431071363389492,
  "test_mean": 0.0017775213345885277
}