{
  "weight_l2_distance_from_init": 1.6655042171478271,
  "final_train_loss": 0.003721029781445395
}