{
  "num_points": 50,
  "train_min": 0.01069218572229147,
  "train_max": 3.7973363399505615,
  "train_mean": 1.7420998811721802,
  "test_min": 0.018558554351329803,
  "test_max": 3.7200703620910645,
  "test_mean": 1.7045818567276
}