{
  "train_barrier": 0.2310940995812416,
  "test_barrier": 0.22823793441057205,
  "train_min": 0.00032379108597524464,
  "train_max": 0.33302536606788635,
  "train_mean": 0.14504453539848328,
  "test_min": 0.0003857324772980064,
  "test_max": 0.3274320363998413,
  "test_mean": 0.14230592548847198
}