{
  "train_barrier": 0.4031555950641632,
  "test_barrier": 0.4617527425289154
}