{
  "num_points": 50,
  "train_min": 0.0007903036894276738,
  "train_max": 0.9237064719200134,
  "train_mean": 0.15780121088027954,
  "test_min": 0.0009062504395842552,
  "test_max": 0.9360926151275635,
  "test_mean": 0.15916383266448975
}