{
  "weight_l2_distance_from_init": 1.8503692150115967,
  "final_train_loss": 0.004942742682032986
}