{
  "train_barrier": 0.0,
  "test_barrier": 0.0,
  "train_min": 0.0006674724281765521,
  "train_max": 0.004199289251118898,
  "train_mean": 0.0013631453039124608,
  "test_min": 0.0008679947350174189,
  "test_max": 0.005255999509245157,
  "test_mean": 0.001662648282945156
}