{
  "eigenvalues": [
    0.08179892599582672,
    0.04222489893436432,
    0.03692449629306793,
    0.011429250240325928,
    0.006967316381633282,
    0.004456595052033663,
    0.0007653413340449333,
    0.0007350671803578734,
    0.0004348405927885324,
    0.0005148735945113003
  ],
  "trace_estimate": 0.21392921432852746
}