{
  "eigenvalues": [
    0.010171040892601013,
    0.006935285869985819,
    0.00010358000872656703,
    1.2312284525251016e-09,
    1.8427963368594646e-05,
    2.884990408347221e-06,
    3.843147169391159e-06,
    8.40962184156524e-06,
    6.218709131644573e-06,
    2.462495331201353e-06
  ],
  "trace_estimate": 0.01215668700169772
}