{
  "train_barrier": 0.5897114351391792,
  "test_barrier": 0.5742328800261021,
  "train_min": 0.00012759980745613575,
  "train_max": 0.6538232564926147,
  "train_mean": 0.18235574662685394,
  "test_min": 0.0004326368507463485,
  "test_max": 0.6359571218490601,
  "test_mean": 0.17538881301879883
}