{
  "eigenvalues": [
    0.04630309343338013,
    0.011816277168691158,
    0.003986675292253494,
    0.002464795019477606,
    0.002347481669858098,
    -0.0017142640426754951,
    -0.0020671754609793425,
    -0.001450300682336092,
    -0.0017897288780659437,
    -0.00027042863075621426
  ],
  "trace_estimate": 0.05118166916072368
}