{
  "eigenvalues": [
    7.482706069946289,
    3.433540105819702,
    1.3255376815795898,
    0.22299690544605255,
    0.11119823157787323,
    0.11998854577541351,
    0.10757869482040405,
    0.10328051447868347,
    0.09265033900737762,
    0.09218493103981018
  ],
  "trace_estimate": 15.228974628448487
}