{
  "weight_l2_distance_from_init": 4.018069744110107,
  "final_train_loss": 0.06903992872685194
}