{
  "weight_l2_distance_from_init": 25.82317352294922,
  "final_train_loss": 2.8232614752710106e-06
}