{
  "eigenvalues": [
    0.04489406198263168,
    0.03231058642268181,
    0.024674491956830025,
    0.0015010596252977848,
    0.0010292860679328442,
    0.0015862639993429184,
    0.0018381968839094043,
    0.002126662526279688,
    0.0019650126341730356,
    0.0015625942032784224
  ],
  "trace_estimate": 0.2022510662674904
}