{
  "num_points": 50,
  "train_min": 0.014979277737438679,
  "train_max": 965.3837280273438,
  "train_mean": 177.84527587890625,
  "test_min": 0.016559189185500145,
  "test_max": 987.7818603515625,
  "test_mean": 181.6934051513672
}