{
  "weight_l2_distance_from_init": 6.665130138397217,
  "final_train_loss": 1.207784117128463e-07
}