{
  "weight_l2_distance_from_init": 1.3547512292861938,
  "final_train_loss": 0.00023827746827009832
}