{
  "eigenvalues": [
    0.2664163410663605,
    0.11619351804256439,
    0.07508106529712677,
    0.02401113696396351,
    0.002196952700614929,
    0.0006420311983674765,
    5.939995753578842e-05,
    -0.0003514976124279201,
    -0.00048777152551338077,
    9.587804379407316e-05
  ],
  "trace_estimate": 0.508902333676815
}