{
  "num_points": 50,
  "train_min": 1.7462296886261441e-10,
  "train_max": 0.5736877918243408,
  "train_mean": 0.03293692693114281,
  "test_min": 1.1920570841539302e-07,
  "test_max": 0.574646532535553,
  "test_mean": 0.032915327697992325
}