{
  "num_points": 50,
  "train_min": 0.3541274666786194,
  "train_max": 1.819462776184082,
  "train_mean": 0.5874431133270264,
  "test_min": 0.3780999481678009,
  "test_max": 1.8061277866363525,
  "test_mean": 0.6124782562255859
}