{
  "train_barrier": 0.0007883121725171804,
  "test_barrier": 0.0,
  "train_min": 0.0014338132459670305,
  "train_max": 0.0023115237709134817,
  "train_mean": 0.0018729185685515404,
  "test_min": 0.0014487085863947868,
  "test_max": 0.0030451850034296513,
  "test_mean": 0.0021923910826444626
}