{
  "weight_l2_distance_from_init": 8.493614196777344,
  "final_train_loss": 0.008576312073273584
}