{
  "num_points": 50,
  "train_min": 1.7462296886261441e-10,
  "train_max": 0.7998536229133606,
  "train_mean": 0.026581211015582085,
  "test_min": 4.493580263442709e-08,
  "test_max": 0.8185174465179443,
  "test_mean": 0.02724056877195835
}