{
  "eigenvalues": [
    0.20486965775489807,
    0.06690376996994019,
    0.030396930873394012,
    0.010004710406064987,
    0.005139295011758804,
    0.0018806818407028913,
    -0.0025937294121831656,
    0.0026077853981405497,
    0.002417760668322444,
    -0.0022930556442588568
  ],
  "trace_estimate": 0.38678752556443213
}