{
  "num_points": 50,
  "train_min": 1.7475249478593469e-06,
  "train_max": 0.7998536229133606,
  "train_mean": 0.0315268449485302,
  "test_min": 0.00015517922292929143,
  "test_max": 0.8185174465179443,
  "test_mean": 0.0336654931306839
}