{
  "eigenvalues": [
    5.74532370373175e-44,
    1.1210387714598537e-44,
    -2.802596928649634e-45,
    4.203895392974451e-44,
    7.006492321624085e-45,
    -1.401298464324817e-44,
    -1.2611686178923354e-44,
    5.605193857299268e-45,
    0.0,
    -2.802596928649634e-44
  ],
  "trace_estimate": 5.521506211062094e-39
}