{
  "num_points": 50,
  "train_min": 0.6424154043197632,
  "train_max": 17.030323028564453,
  "train_mean": 7.9985432624816895,
  "test_min": 0.6410876512527466,
  "test_max": 16.540630340576172,
  "test_mean": 7.7549147605896
}