{
  "eigenvalues": [
    0.7163258194923401,
    0.4578152894973755,
    0.3544067442417145,
    0.10442882031202316,
    0.0767267495393753,
    0.03073192946612835,
    -0.014524953439831734,
    -0.013111445121467113,
    0.009769146330654621,
    -0.01034711953252554
  ],
  "trace_estimate": 2.1658946171402933
}