{
  "weight_l2_distance_from_init": 6.723514556884766,
  "final_train_loss": 0.00039492978794442024
}