{
  "num_points": 50,
  "train_min": 0.5601656436920166,
  "train_max": 10.933906555175781,
  "train_mean": 5.116758823394775,
  "test_min": 0.5719918012619019,
  "test_max": 11.085471153259277,
  "test_mean": 5.162371635437012
}