{
  "train_barrier": 0.4489026516675949,
  "test_barrier": 0.4322647452354431,
  "train_min": 0.0001591433392604813,
  "train_max": 0.5495031476020813,
  "train_mean": 0.2062622606754303,
  "test_min": 0.00026880306540988386,
  "test_max": 0.5357049703598022,
  "test_mean": 0.202923983335495
}