{
  "num_points": 50,
  "train_min": 0.5822526216506958,
  "train_max": 20.80929946899414,
  "train_mean": 5.891412258148193,
  "test_min": 0.5843437910079956,
  "test_max": 24.941608428955078,
  "test_mean": 6.877812385559082
}