{
  "eigenvalues": [
    0.03952347859740257,
    0.019034937024116516,
    0.015074376948177814,
    0.001461501233279705,
    0.001494944910518825,
    0.0014463559491559863,
    0.0013277651742100716,
    0.0014567964244633913,
    0.0013956273905932903,
    0.001272784429602325
  ],
  "trace_estimate": 0.1889551594853401
}