{
  "train_barrier": 0.18487116694450378,
  "test_barrier": 0.16433867812156677
}