{
  "train_barrier": 4.410229576023994e-05,
  "test_barrier": 0.0009896823539747857,
  "train_min": 1.0167227628699038e-06,
  "train_max": 5.388335921452381e-05,
  "train_mean": 2.01100847334601e-05,
  "test_min": 3.183853323207586e-06,
  "test_max": 0.0010601602261886,
  "test_mean": 0.0003197192563675344
}