{
  "eigenvalues": [
    2.99812388420105,
    1.3804320096969604,
    1.324059247970581,
    0.44083333015441895,
    0.31152546405792236,
    0.10111132264137268,
    0.08697570860385895,
    0.05250639095902443,
    0.04172121360898018,
    0.03545638918876648
  ],
  "trace_estimate": 6.4114791512489315
}