{
  "eigenvalues": [
    8.648948669433594,
    6.764174461364746,
    1.096745491027832,
    0.8962699174880981,
    0.28773263096809387,
    0.19627419114112854,
    0.08954962342977524,
    0.08159229159355164,
    0.06705676019191742,
    0.054678138345479965
  ],
  "trace_estimate": 17.780466318130493
}