{
  "eigenvalues": [
    0.009351115673780441,
    0.005182932130992413,
    0.002132135909050703,
    0.0006811486091464758,
    0.0003697460051625967,
    1.664671981416177e-05,
    0.0001674152008490637,
    -8.336762402905151e-05,
    5.535375385079533e-05,
    -9.125264477916062e-05
  ],
  "trace_estimate": 0.02537706112489104
}