{
  "num_points": 50,
  "train_min": 0.33498942852020264,
  "train_max": 1.1470510959625244,
  "train_mean": 0.5409857034683228,
  "test_min": 0.3181849420070648,
  "test_max": 1.1311299800872803,
  "test_mean": 0.5123253464698792
}