{
  "weight_l2_distance_from_init": 3.4063072204589844,
  "final_train_loss": 0.0004982320106137195
}