{
  "weight_l2_distance_from_init": 3.292644739151001,
  "final_train_loss": 0.0002990229054375959
}