{
  "train_barrier": 0.259951114654541,
  "test_barrier": 0.2732372283935547,
  "train_min": 5.447307103167986e-07,
  "train_max": 0.8630021810531616,
  "train_mean": 0.439792275428772,
  "test_min": 2.2317157345241867e-05,
  "test_max": 0.8489041328430176,
  "test_mean": 0.43285831809043884
}