{
  "eigenvalues": [
    0.020048610866069794,
    0.008370934054255486,
    0.005742707289755344,
    0.002472961787134409,
    0.0018466857727617025,
    0.0014431762974709272,
    0.0003844303428195417,
    0.00034336562384851277,
    0.00022203248227015138,
    0.00020025938283652067
  ],
  "trace_estimate": 0.05141006726771593
}