{
  "eigenvalues": [
    0.8264376521110535,
    0.589652955532074,
    0.2320617437362671,
    0.026337875053286552,
    0.027463827282190323,
    0.04186609387397766,
    -0.023460302501916885,
    -0.0187455452978611,
    0.020764334127306938,
    0.02689858339726925
  ],
  "trace_estimate": 2.3504737854003905
}