{
  "num_points": 50,
  "train_min": 0.6478769779205322,
  "train_max": 1.6095991134643555,
  "train_mean": 1.1863534450531006,
  "test_min": 0.6537998914718628,
  "test_max": 1.51116144657135,
  "test_mean": 1.1611195802688599
}