{
  "num_points": 50,
  "train_min": 0.0001219228797708638,
  "train_max": 1.7672004699707031,
  "train_mean": 0.790276050567627,
  "test_min": 0.0014151117065921426,
  "test_max": 1.7653493881225586,
  "test_mean": 0.7873172163963318
}