{
  "weight_l2_distance_from_init": 4.077705383300781,
  "final_train_loss": 0.05672223982401192
}