{
  "eigenvalues": [
    14.722854614257812,
    7.399362087249756,
    0.9232746958732605,
    0.7233678102493286,
    0.2713233232498169,
    0.133998841047287,
    0.09792627394199371,
    0.06750131398439407,
    0.056390807032585144,
    0.048919592052698135
  ],
  "trace_estimate": 24.787271213531493
}