{
  "weight_l2_distance_from_init": 19.819517135620117,
  "final_train_loss": 0.00020027855862281285
}