{
  "train_barrier": 0.249542236328125,
  "test_barrier": 0.2501576542854309,
  "train_min": 0.00023827746917959303,
  "train_max": 0.3482205867767334,
  "train_mean": 0.1536756455898285,
  "test_min": 0.0003100514877587557,
  "test_max": 0.34735262393951416,
  "test_mean": 0.1528552621603012
}