{
  "eigenvalues": [
    0.4744478464126587,
    0.2369888871908188,
    0.18580061197280884,
    0.05852675810456276,
    0.022374041378498077,
    0.007104424759745598,
    0.002238420769572258,
    0.005168672651052475,
    0.0037873047403991222,
    0.003992015961557627
  ],
  "trace_estimate": 0.7981785625219345
}