{
  "weight_l2_distance_from_init": 2.9096620082855225,
  "final_train_loss": 0.00036452097992878407
}