{
  "num_points": 50,
  "train_min": 0.004596134647727013,
  "train_max": 0.8699600696563721,
  "train_mean": 0.04016853868961334,
  "test_min": 0.0019617851357907057,
  "test_max": 0.8401187062263489,
  "test_mean": 0.03778039291501045
}