{
  "train_barrier": 0.3991179019212723,
  "test_barrier": 0.3980104625225067,
  "train_min": 0.003931686747819185,
  "train_max": 0.6060709357261658,
  "train_mean": 0.28164243698120117,
  "test_min": 0.0029199407435953617,
  "test_max": 0.6089522838592529,
  "test_mean": 0.2843962609767914
}