{
  "eigenvalues": [
    5.380390644073486,
    3.8380041122436523,
    1.0364131927490234,
    0.7042300701141357,
    0.2674141526222229,
    0.1318664848804474,
    0.09818820655345917,
    0.07952059060335159,
    0.05341903492808342,
    0.039434485137462616
  ],
  "trace_estimate": 10.067753267288207
}