{
  "num_points": 50,
  "train_min": 0.25980260968208313,
  "train_max": 15.666775703430176,
  "train_mean": 4.272683620452881,
  "test_min": 0.26756396889686584,
  "test_max": 15.26435661315918,
  "test_mean": 4.143329620361328
}