{
  "weight_l2_distance_from_init": 3.1480302810668945,
  "final_train_loss": 1.1126915033798923e-06
}