{
  "eigenvalues": [
    0.22456461191177368,
    0.12453381717205048,
    0.058089978992938995,
    0.027464762330055237,
    0.0032495621126145124,
    0.0018221016507595778,
    0.00027058811974711716,
    -0.00017611519433557987,
    0.0002223716874141246,
    0.000188252713996917
  ],
  "trace_estimate": 0.4556680038571358
}