{
  "train_barrier": 0.0004983032122254372,
  "test_barrier": 0.0004484737291932106,
  "train_min": 0.0028290897607803345,
  "train_max": 0.003743592416867614,
  "train_mean": 0.003413066966459155,
  "test_min": 0.003118794411420822,
  "test_max": 0.0037856209091842175,
  "test_mean": 0.003525834996253252
}