{
  "weight_l2_distance_from_init": 12.508084297180176,
  "final_train_loss": 0.001953090554593473
}