{
  "eigenvalues": [
    1.590303659439087,
    0.5634747743606567,
    0.30917030572891235,
    0.17152822017669678,
    0.06297610700130463,
    0.018306417390704155,
    0.013443836942315102,
    0.008464477956295013,
    0.0033707115799188614,
    -0.008750561624765396
  ],
  "trace_estimate": 2.6213366866111754
}