{
  "weight_l2_distance_from_init": 1.8086470365524292,
  "final_train_loss": 3.2833098406293004e-05
}