{
  "num_points": 50,
  "train_min": 0.0019150646403431892,
  "train_max": 0.7129409909248352,
  "train_mean": 0.16925838589668274,
  "test_min": 0.0007200742256827652,
  "test_max": 0.7271051406860352,
  "test_mean": 0.173909991979599
}