{
  "train_barrier": 0.0,
  "test_barrier": 0.0013146671990398318,
  "train_min": 4.886531428383023e-07,
  "train_max": 0.0018922643503174186,
  "train_mean": 0.0007789656519889832,
  "test_min": 4.786997465089371e-07,
  "test_max": 0.001346491277217865,
  "test_mean": 0.00034728445461951196
}