{
  "train_barrier": 0.028464674949645996,
  "test_barrier": 0.02709275484085083
}