{
  "eigenvalues": [
    0.044479094445705414,
    0.021228626370429993,
    0.020160293206572533,
    0.0026027150452136993,
    0.002496355213224888,
    0.0024443217553198338,
    0.002325604669749737,
    0.002362179569900036,
    0.002360509941354394,
    0.0023077642545104027
  ],
  "trace_estimate": 0.24951993227005004
}