{
  "train_barrier": 0.1204647421836853,
  "test_barrier": 0.148728609085083,
  "train_min": 0.2731868326663971,
  "train_max": 0.6615917086601257,
  "train_mean": 0.5211884379386902,
  "test_min": 0.2600291669368744,
  "test_max": 0.6737661361694336,
  "test_mean": 0.5236219763755798
}