{
  "weight_l2_distance_from_init": 19.222652435302734,
  "final_train_loss": 0.0001591433447174495
}