{
  "eigenvalues": [
    7.033900930919533e-15,
    1.8435682261385214e-14,
    1.4288732194921985e-15,
    2.719334161502111e-16,
    2.0164682335737424e-15,
    2.523134967017532e-15,
    -2.8559129302909467e-16,
    5.156164835644784e-15,
    1.7756673545811855e-15,
    3.1651177548840375e-15
  ],
  "trace_estimate": 2.4774065437993543e-11
}