{
  "weight_l2_distance_from_init": 2.921213388442993,
  "final_train_loss": 0.01223257917445153
}