{
  "train_barrier": 0.3877204582095146,
  "test_barrier": 0.3953428417444229,
  "train_min": 0.00011692628322634846,
  "train_max": 0.510866105556488,
  "train_mean": 0.21805647015571594,
  "test_min": 0.00011901548714376986,
  "test_max": 0.5152768492698669,
  "test_mean": 0.2184787392616272
}