{
  "num_points": 50,
  "train_min": 0.15111121535301208,
  "train_max": 1.7609293460845947,
  "train_mean": 0.5156463980674744,
  "test_min": 0.14774291217327118,
  "test_max": 1.75193190574646,
  "test_mean": 0.5131257176399231
}