{
  "weight_l2_distance_from_init": 23.559898376464844,
  "final_train_loss": 0.0020349226909956997
}