{
  "weight_l2_distance_from_init": 9.264455795288086,
  "final_train_loss": 0.00010931792076007696
}