{
  "weight_l2_distance_from_init": 13.606961250305176,
  "final_train_loss": 0.0023782734888300183
}