{
  "weight_l2_distance_from_init": 3.3565597534179688,
  "final_train_loss": 0.0004805957278222195
}