{
  "train_barrier": 0.0,
  "test_barrier": 0.0,
  "train_min": 0.008838257752358913,
  "train_max": 0.08615703135728836,
  "train_mean": 0.04112459346652031,
  "test_min": 0.008655371144413948,
  "test_max": 0.0745900422334671,
  "test_mean": 0.04035572707653046
}