{
  "eigenvalues": [
    0.5336030125617981,
    0.40057432651519775,
    0.08651871979236603,
    0.03794718533754349,
    0.010859612375497818,
    0.00570541899651289,
    0.0031566170509904623,
    0.0027747568674385548,
    0.0013575430493801832,
    0.0009859743295237422
  ],
  "trace_estimate": 1.006544966250658
}