{
  "eigenvalues": [
    0.049270279705524445,
    0.009034872986376286,
    0.008371567353606224,
    0.002469966420903802,
    0.0014263410121202469,
    0.001230729161761701,
    0.0011693016858771443,
    0.0009875415125861764,
    0.0009164949879050255,
    0.0009200063650496304
  ],
  "trace_estimate": 0.15970443934202194
}