{
  "train_barrier": 0.12475180625915527,
  "test_barrier": 0.1121872067451477
}