{
  "num_points": 50,
  "train_min": 0.24621674418449402,
  "train_max": 5.292535781860352,
  "train_mean": 1.980871558189392,
  "test_min": 0.23019403219223022,
  "test_max": 5.023773670196533,
  "test_mean": 1.8798022270202637
}