{
  "train_barrier": 0.002090823560138233,
  "test_barrier": 0.0019254180660936981,
  "train_min": 2.8729144219141745e-07,
  "train_max": 0.0023125282023102045,
  "train_mean": 0.0007865643128752708,
  "test_min": 4.051149176120816e-07,
  "test_max": 0.0022909122053533792,
  "test_mean": 0.0008060844847932458
}