{
  "train_barrier": 0.11113666743040085,
  "test_barrier": 0.1053040474653244
}