{
  "weight_l2_distance_from_init": 12.48315715789795,
  "final_train_loss": 0.0005790274753962876
}