{
  "train_barrier": 0.010708170011639595,
  "test_barrier": 0.009941481053829193,
  "train_min": 0.009311174973845482,
  "train_max": 0.02435055561363697,
  "train_mean": 0.01711001992225647,
  "test_min": 0.007951739244163036,
  "test_max": 0.022582493722438812,
  "test_mean": 0.015358670614659786
}