{
  "train_barrier": 0.24456733465194702,
  "test_barrier": 0.21645355224609375,
  "train_min": 0.010905681177973747,
  "train_max": 0.6940528154373169,
  "train_mean": 0.4107621908187866,
  "test_min": 0.009230490773916245,
  "test_max": 0.6803713440895081,
  "test_mean": 0.4056685268878937
}